"Time";"createOrder";"basket";"getCatalogue";"getItem";"getCart";"login";"getOrders";"catalogue";"home";"tags";"getCustomer";"viewOrdersPage";"cataloguePage";"getRelated";"addToCart";"catalogueSize";"getAddress";"getCard";"showDetails"
0;"0.007800";"0.002708";"0.089587";"0.126333";"0.037721";"0.014508";"0.010881";"0.002033";"0.002440";"0.062533";"0.006137";"0.002624";"0.085572";"0.024717";"0.001584";"0.126512";"0.006792";"0.006855";"0.002025"
5;"0.011125";"0.002203";"0.347143";"0.317700";"0.360557";"0.457477";"0.010113";"0.003701";"0.002461";"0.354030";"0.143031";"0.001742";"0.221043";"0.397815";"0.001629";"0.319196";"0.138212";"0.087041";"0.003458"
10;"0.007621";"0.002474";"0.504738";"0.560599";"0.362065";"0.416799";"0.038314";"0.002098";"0.002217";"0.557532";"0.078603";"0.002655";"0.519755";"0.446665";"0.009612";"0.685866";"0.095041";"0.125148";"0.001942"
15;"0.076800";"0.001654";"0.428013";"0.434704";"0.314878";"0.383356";"0.042506";"0.001912";"0.002322";"0.375945";"0.171588";"0.001833";"0.404030";"0.431152";"0.001369";"0.444898";"0.316749";"0.362222";"0.001918"
20;"0.007110";"0.001885";"0.487362";"0.445875";"0.333038";"0.568747";"0.043667";"0.002375";"0.002053";"0.534744";"0.239010";"0.002010";"0.337661";"0.449892";"0.001624";"0.641011";"0.360388";"0.237390";"0.001892"
25;"0.013866";"0.001386";"0.491101";"0.473877";"0.358181";"0.500103";"0.014047";"0.002549";"0.001934";"0.441000";"0.230362";"0.001566";"0.409722";"0.421480";"0.004096";"0.523770";"0.073595";"0.197285";"0.001708"
30;"0.080032";"0.002308";"0.402485";"0.464358";"0.316273";"0.521437";"0.041741";"0.001899";"0.002162";"0.495682";"0.179022";"0.001961";"0.463708";"0.431533";"0.001445";"0.462054";"0.277615";"0.226515";"0.002369"
35;"0.084723";"0.001831";"0.461016";"0.431216";"0.311847";"0.447588";"0.008918";"0.002223";"0.002256";"0.488195";"0.218980";"0.001508";"0.550739";"0.386479";"0.001669";"0.313949";"0.170534";"0.180977";"0.001849"
40;"0.009708";"0.002878";"0.454235";"0.462433";"0.295331";"0.374933";"0.044294";"0.002324";"0.002240";"0.587733";"0.174263";"0.002218";"0.490212";"0.379953";"0.002613";"0.357249";"0.167546";"0.078482";"0.002307"
45;"0.188113";"0.001891";"0.418616";"0.408781";"0.305532";"0.489225";"0.046798";"0.002548";"0.002433";"0.433991";"0.246276";"0.002204";"0.383652";"0.362787";"0.008203";"0.457788";"0.191753";"0.195540";"0.003120"
50;"0.080350";"0.002204";"0.434205";"0.379228";"0.282961";"0.635136";"0.078377";"0.002282";"0.002254";"0.504977";"0.198499";"0.001871";"0.429536";"0.370580";"0.004116";"0.355511";"0.216174";"0.171845";"0.002228"
55;"0.108166";"0.002491";"0.411378";"0.399184";"0.359896";"0.495723";"0.066991";"0.002183";"0.002745";"0.646009";"0.208451";"0.003699";"0.404738";"0.468635";"0.001301";"0.488460";"0.320585";"0.364181";"0.002656"
60;"0.012109";"0.001469";"0.400040";"0.500213";"0.396646";"0.471476";"0.064403";"0.002064";"0.001731";"0.327893";"0.215731";"0.002045";"0.471340";"0.515968";"0.001278";"0.417483";"0.292193";"0.154485";"0.002081"
65;"0.009165";"0.001883";"0.445735";"0.401618";"0.298214";"0.565581";"0.043444";"0.001774";"0.002526";"0.327685";"0.230859";"0.002003";"0.459021";"0.504994";"0.006005";"0.597935";"0.187589";"0.097095";"0.002389"
70;"0.083004";"0.002577";"0.489673";"0.424347";"0.343934";"0.647763";"0.043509";"0.002787";"0.002251";"0.444666";"0.214966";"0.002672";"0.437913";"0.442514";"0.001540";"0.366247";"0.006168";"0.364495";"0.001708"
75;"0.208806";"0.002569";"0.465239";"0.400837";"0.312618";"0.635443";"0.093825";"0.002036";"0.002253";"0.446596";"0.204848";"0.003616";"0.386525";"0.442848";"0.001472";"0.405882";"0.272370";"0.422459";"0.001649"
80;"0.083549";"0.001758";"0.448976";"0.430452";"0.260343";"0.502359";"0.007976";"0.001888";"0.002504";"0.504189";"0.293798";"0.002967";"0.395009";"0.515917";"0.001220";"0.373578";"0.258480";"0.115011";"0.002145"
85;"0.103380";"0.001774";"0.428020";"0.401797";"0.318419";"0.465063";"0.065892";"0.002991";"0.002222";"0.438868";"0.220812";"0.003183";"0.440420";"0.389246";"0.004320";"0.456640";"0.004483";"0.009933";"0.002754"
90;"0.132286";"0.003007";"0.392842";"0.380770";"0.323624";"0.500725";"0.090555";"0.002242";"0.002713";"0.422225";"0.225355";"0.002612";"0.491015";"0.353005";"0.001358";"0.606549";"0.191920";"0.356302";"0.002066"
95;"0.008138";"0.001970";"0.367592";"0.432021";"0.338378";"0.569605";"0.008780";"0.002146";"0.001898";"0.267536";"0.222876";"0.002099";"0.472470";"0.313449";"0.007072";"0.491025";"0.380945";"0.224735";"0.002845"
100;"0.084502";"0.002163";"0.386123";"0.389940";"0.344274";"0.638610";"0.034566";"0.002643";"0.002127";"0.459510";"0.208965";"0.002195";"0.349198";"0.480918";"0.001481";"0.366897";"0.336781";"0.096276";"0.002085"
105;"0.085609";"0.001810";"0.468385";"0.457689";"0.332517";"0.346488";"0.069899";"0.002330";"0.001908";"0.401223";"0.230945";"0.002230";"0.363515";"0.445385";"0.003603";"0.648445";"0.257331";"0.194755";"0.002672"
110;"0.007100";"0.001602";"0.386248";"0.400035";"0.316220";"0.486498";"0.008358";"0.001896";"0.002210";"0.391430";"0.223727";"0.001611";"0.534384";"0.286889";"0.001804";"0.475014";"0.237805";"0.241409";"0.002118"
115;"0.011640";"0.003359";"0.415048";"0.400857";"0.329195";"0.454218";"0.038909";"0.002394";"0.002581";"0.477853";"0.216639";"0.001959";"0.464439";"0.581998";"0.001595";"0.415108";"0.436709";"0.254207";"0.002431"
120;"0.009969";"0.002586";"0.457280";"0.487644";"0.351700";"0.620865";"0.074429";"0.001650";"0.001926";"0.557223";"0.225761";"0.001748";"0.389898";"0.400291";"0.005196";"0.377798";"0.256542";"0.549890";"0.003028"
125;"0.009138";"0.001994";"0.447786";"0.488999";"0.281858";"0.629594";"0.064856";"0.002236";"0.002051";"0.388301";"0.196295";"0.002447";"0.476505";"0.331583";"0.004628";"0.505794";"0.255568";"0.170902";"0.002782"
130;"0.393799";"0.001811";"0.374373";"0.454118";"0.374142";"0.484815";"0.047956";"0.001875";"0.002589";"0.535170";"0.183992";"0.002117";"0.367299";"0.505312";"0.001404";"0.338234";"0.139527";"0.282460";"0.002518"
135;"0.010099";"0.001920";"0.417284";"0.459910";"0.284452";"0.477830";"0.033781";"0.003220";"0.001970";"0.478255";"0.263326";"0.001803";"0.424569";"0.436902";"0.002371";"0.397940";"0.124865";"0.131889";"0.002554"
140;"0.011084";"0.002065";"0.407065";"0.461650";"0.353714";"0.630799";"0.043680";"0.002000";"0.002173";"0.507285";"0.193069";"0.002732";"0.397575";"0.380905";"0.002307";"0.405135";"0.227875";"0.381358";"0.001735"
145;"0.112681";"0.003205";"0.486071";"0.414625";"0.303201";"0.473948";"0.073352";"0.001685";"0.002228";"0.404425";"0.202588";"0.002920";"0.443664";"0.368319";"0.005584";"0.308585";"0.223642";"0.228162";"0.003070"
150;"0.113082";"0.004911";"0.461191";"0.442680";"0.351874";"0.304071";"0.066056";"0.001727";"0.002173";"0.445904";"0.181507";"0.001633";"0.404354";"0.405776";"0.001505";"0.505533";"0.146397";"0.280257";"0.002860"
155;"0.006119";"0.002830";"0.504104";"0.431951";"0.298906";"0.424348";"0.040199";"0.001526";"0.002264";"0.379300";"0.242188";"0.001744";"0.337764";"0.464712";"0.002505";"0.456462";"0.146899";"0.164454";"0.002092"
160;"0.183974";"0.002764";"0.473303";"0.482171";"0.327413";"0.677093";"0.071359";"0.001896";"0.002265";"0.462009";"0.229061";"0.001591";"0.339330";"0.391971";"0.004560";"0.309972";"0.367413";"0.366713";"0.002152"
165;"0.073432";"0.001968";"0.460806";"0.489871";"0.308258";"0.548680";"0.114851";"0.001751";"0.002023";"0.504940";"0.196004";"0.002308";"0.416951";"0.445306";"0.002246";"0.403819";"0.109363";"0.458919";"0.002642"
170;"0.090648";"0.002310";"0.433115";"0.418285";"0.317526";"0.601112";"0.010362";"0.001651";"0.002245";"0.391789";"0.285564";"0.001735";"0.398869";"0.471609";"0.003553";"0.416333";"0.218001";"0.274882";"0.002649"
175;"0.140628";"0.001833";"0.417035";"0.406148";"0.333945";"0.377517";"0.075647";"0.003287";"0.002313";"0.359969";"0.212824";"0.001956";"0.337927";"0.442899";"0.001377";"0.427155";"0.225440";"0.115372";"0.002648"
180;"0.006668";"0.001502";"0.435423";"0.445483";"0.336562";"0.471784";"0.046773";"0.002046";"0.002139";"0.504894";"0.172763";"0.001983";"0.418630";"0.516894";"0.004610";"0.402002";"0.181716";"0.372100";"0.002000"
185;"0.007909";"0.001617";"0.440798";"0.425382";"0.352661";"0.573173";"0.056933";"0.002509";"0.002867";"0.584525";"0.197542";"0.002734";"0.436672";"0.363026";"0.007631";"0.381352";"0.221692";"0.104106";"0.002390"
190;"0.007231";"0.002767";"0.453325";"0.434389";"0.345569";"0.595591";"0.075981";"0.001960";"0.002631";"0.504280";"0.225135";"0.001587";"0.504385";"0.402091";"0.002319";"0.413124";"0.008636";"0.239646";"0.002258"
195;"0.006836";"0.002223";"0.439847";"0.479392";"0.334572";"0.396171";"0.087023";"0.002739";"0.002028";"0.409873";"0.245722";"0.001912";"0.464018";"0.497478";"0.001432";"0.350681";"0.122474";"0.149934";"0.002148"
200;"0.069250";"0.006284";"0.437634";"0.421058";"0.338792";"0.566747";"0.043468";"0.002024";"0.003191";"0.456213";"0.200685";"0.003689";"0.385752";"0.444943";"0.001791";"0.449226";"0.218655";"0.138322";"0.003179"
205;"0.008759";"0.002668";"0.430906";"0.387613";"0.287807";"0.443058";"0.037203";"0.001992";"0.002229";"0.352419";"0.215223";"0.001813";"0.493567";"0.411779";"0.003941";"0.506610";"0.278240";"0.099198";"0.002857"
210;"0.082745";"0.001550";"0.452982";"0.420343";"0.309744";"0.801457";"0.142419";"0.003630";"0.002274";"0.348449";"0.171845";"0.001570";"0.164571";"0.352093";"0.002179";"0.412552";"0.242132";"0.147202";"0.002436"
215;"0.073936";"0.002289";"0.364333";"0.452881";"0.365193";"0.399745";"0.043066";"0.002058";"0.001984";"0.492119";"0.193134";"0.002121";"0.346788";"0.438779";"0.003452";"0.348290";"0.292045";"0.161669";"0.002422"
220;"0.056920";"0.001823";"0.499723";"0.452037";"0.313031";"0.464049";"0.062653";"0.001482";"0.002213";"0.349551";"0.225427";"0.002094";"0.468461";"0.379252";"0.002711";"0.347656";"0.185647";"0.095637";"0.002021"
225;"0.153848";"0.001775";"0.441941";"0.408446";"0.295703";"0.499351";"0.112549";"0.002102";"0.002464";"0.504687";"0.242522";"0.003508";"0.317746";"0.576703";"0.002601";"0.560321";"0.201734";"0.172880";"0.001970"
230;"0.009109";"0.003468";"0.405026";"0.402156";"0.310464";"0.407073";"0.009380";"0.003685";"0.002488";"0.280417";"0.167972";"0.001738";"0.367110";"0.390580";"0.004540";"0.491853";"0.371034";"0.229864";"0.002487"
235;"0.045185";"0.001492";"0.472946";"0.371536";"0.335151";"0.514276";"0.035711";"0.002268";"0.002329";"0.470378";"0.166904";"0.001562";"0.337810";"0.391434";"0.005309";"0.479512";"0.388905";"0.171520";"0.001582"
240;"0.063222";"0.001673";"0.470941";"0.450693";"0.356655";"0.442324";"0.055348";"0.003358";"0.003254";"0.380127";"0.210904";"0.002308";"0.505241";"0.441803";"0.001335";"0.463759";"0.343605";"0.105695";"0.001922"
245;"0.006816";"0.001684";"0.410844";"0.472394";"0.319564";"0.646452";"0.007597";"0.001879";"0.001974";"0.486914";"0.213372";"0.002005";"0.390630";"0.340542";"0.003790";"0.601593";"0.372419";"0.218352";"0.001914"
250;"0.011466";"0.002930";"0.422958";"0.480053";"0.322668";"0.511836";"0.007363";"0.002169";"0.001768";"0.441719";"0.207164";"0.001834";"0.519287";"0.379774";"0.004328";"0.451051";"0.311413";"0.509396";"0.001656"
255;"0.071743";"0.003489";"0.435660";"0.430742";"0.325265";"0.426348";"0.012509";"0.002763";"0.003270";"0.515351";"0.211409";"0.003474";"0.314337";"0.376049";"0.001971";"0.495789";"0.084310";"0.290472";"0.002973"
260;"0.009032";"0.001452";"0.456609";"0.352720";"0.356645";"0.634791";"0.041651";"0.002185";"0.001817";"0.433863";"0.197377";"0.002454";"0.393075";"0.466271";"0.003703";"0.461476";"0.321272";"0.119985";"0.002252"
265;"0.006364";"0.001692";"0.405138";"0.412501";"0.306241";"0.569176";"0.089041";"0.001811";"0.002139";"0.347509";"0.286586";"0.003020";"0.447947";"0.505019";"0.001383";"0.598719";"0.174906";"0.147057";"0.002261"
270;"0.006178";"0.001837";"0.411181";"0.477888";"0.338739";"0.496115";"0.006160";"0.001894";"0.001792";"0.284997";"0.242149";"0.001963";"0.436599";"0.506785";"0.001434";"0.462312";"0.154095";"0.057268";"0.002116"
275;"0.105909";"0.001721";"0.449517";"0.441302";"0.309683";"0.384631";"0.134495";"0.001820";"0.002095";"0.386182";"0.211388";"0.002348";"0.279365";"0.469120";"0.003837";"0.394881";"0.081373";"0.258386";"0.001988"
280;"0.007796";"0.002018";"0.481752";"0.444113";"0.330213";"0.634456";"0.041292";"0.001663";"0.002404";"0.475621";"0.208529";"0.001945";"0.445660";"0.440089";"0.001862";"0.479626";"0.343680";"0.253482";"0.001954"
285;"0.100915";"0.002316";"0.409250";"0.467901";"0.323952";"0.603091";"0.074161";"0.001771";"0.001840";"0.406187";"0.229645";"0.001876";"0.417944";"0.435621";"0.001336";"0.534114";"0.253682";"0.075189";"0.001789"
290;"0.010382";"0.003339";"0.413688";"0.449943";"0.335340";"0.526698";"0.043257";"0.002192";"0.003183";"0.446549";"0.212760";"0.002227";"0.426191";"0.429735";"0.008834";"0.390988";"0.303098";"0.204682";"0.003048"
295;"0.009159";"0.001912";"0.421730";"0.422067";"0.319491";"0.273819";"0.101863";"0.002175";"0.001997";"0.489616";"0.241831";"0.001667";"0.409038";"0.495012";"0.002139";"0.321249";"0.128214";"0.218816";"0.001888"
300;"0.054308";"0.003356";"0.430073";"0.438157";"0.375936";"0.670177";"0.042935";"0.002216";"0.002419";"0.413775";"0.229429";"0.005123";"0.320272";"0.517456";"0.009491";"0.482553";"0.114637";"0.109974";"0.001696"
305;"0.121350";"0.001963";"0.426290";"0.443447";"0.278748";"0.530062";"0.067895";"0.001989";"0.001792";"0.443219";"0.240752";"0.001727";"0.367583";"0.504652";"0.004181";"0.387841";"0.205889";"0.112748";"0.001809"
310;"0.007952";"0.001638";"0.471027";"0.446001";"0.299568";"0.494194";"0.140771";"0.001684";"0.002468";"0.270396";"0.229971";"0.001963";"0.557572";"0.472843";"0.001610";"0.399678";"0.119307";"0.081016";"0.002044"
315;"0.123751";"0.001684";"0.426796";"0.461151";"0.303397";"0.528310";"0.119207";"0.001884";"0.001826";"0.413598";"0.208050";"0.001735";"0.457895";"0.411995";"0.003479";"0.459170";"0.204424";"0.276021";"0.001690"
320;"0.101588";"0.002254";"0.521849";"0.415293";"0.343636";"0.658118";"0.051121";"0.002273";"0.002065";"0.548204";"0.251527";"0.002327";"0.563957";"0.377267";"0.001325";"0.424048";"0.005362";"0.182444";"0.002675"
325;"0.005900";"0.001817";"0.393226";"0.505000";"0.299532";"0.585733";"0.040339";"0.001738";"0.001894";"0.470904";"0.268549";"0.001636";"0.448403";"0.479066";"0.001264";"0.400346";"0.204302";"0.336528";"0.001598"
330;"0.210824";"0.001768";"0.522806";"0.404081";"0.278671";"0.532895";"0.049723";"0.003073";"0.004338";"0.355135";"0.192187";"0.002678";"0.524477";"0.372211";"0.001835";"0.444491";"0.421719";"0.186397";"0.003057"
335;"0.132144";"0.002063";"0.418730";"0.371224";"0.355215";"0.467935";"0.006498";"0.001832";"0.001731";"0.558168";"0.218621";"0.002221";"0.392441";"0.478030";"0.003424";"0.399428";"0.157496";"0.147311";"0.001854"
340;"0.006480";"0.001835";"0.507749";"0.377949";"0.360384";"0.749356";"0.008635";"0.001755";"0.002366";"0.524722";"0.154520";"0.003502";"0.569912";"0.508812";"0.005816";"0.463087";"0.010699";"0.171191";"0.002421"
345;"0.100628";"0.002010";"0.396043";"0.345731";"0.288363";"0.572387";"0.155519";"0.001757";"0.001558";"0.309025";"0.253392";"0.001763";"0.490302";"0.463943";"0.004812";"0.320790";"0.325812";"0.203833";"0.002046"
350;"0.009250";"0.002437";"0.422762";"0.383021";"0.307515";"0.527810";"0.009166";"0.003033";"0.002851";"0.454889";"0.221165";"0.002973";"0.505488";"0.434609";"0.001381";"0.398828";"0.290353";"0.067287";"0.003398"
355;"0.061995";"0.001996";"0.420483";"0.527174";"0.292441";"0.431107";"0.079575";"0.001870";"0.002071";"0.312304";"0.243269";"0.001864";"0.408438";"0.293781";"0.003475";"0.378701";"0.284214";"0.105152";"0.001931"
360;"0.010719";"0.002456";"0.463853";"0.414099";"0.339500";"0.459476";"0.064782";"0.002779";"0.003495";"0.387531";"0.210662";"0.001968";"0.280664";"0.506971";"0.003433";"0.430478";"0.059748";"0.194140";"0.002721"
365;"0.010580";"0.002883";"0.372054";"0.379520";"0.312031";"0.511206";"0.075664";"0.001621";"0.001770";"0.447822";"0.214522";"0.002279";"0.557402";"0.398937";"0.004423";"0.438354";"0.128649";"0.173914";"0.002211"
370;"0.093357";"0.001837";"0.431049";"0.476671";"0.319291";"0.600420";"0.007710";"0.002294";"0.002057";"0.395495";"0.180415";"0.001980";"0.426497";"0.368295";"0.001466";"0.568574";"0.149652";"0.090576";"0.001954"
375;"0.005648";"0.003620";"0.430701";"0.489153";"0.313939";"0.517700";"0.046402";"0.001711";"0.002248";"0.337389";"0.239390";"0.002988";"0.570049";"0.350821";"0.001287";"0.562851";"0.218080";"0.242157";"0.002321"
380;"0.079904";"0.002596";"0.480351";"0.469923";"0.320113";"0.572152";"0.039575";"0.001853";"0.001796";"0.412796";"0.212989";"0.001576";"0.394255";"0.495749";"0.001350";"0.350837";"0.183542";"0.217226";"0.002165"
385;"0.007301";"0.002991";"0.417108";"0.390786";"0.362199";"0.546228";"0.118078";"0.001882";"0.002026";"0.593229";"0.227171";"0.001458";"0.483213";"0.382143";"0.006802";"0.267772";"0.239356";"0.310603";"0.002761"
390;"0.006677";"0.001706";"0.365486";"0.455945";"0.270091";"0.577275";"0.066011";"0.001455";"0.001784";"0.458855";"0.219025";"0.001692";"0.451945";"0.383715";"0.001633";"0.412132";"0.101959";"0.097899";"0.001804"
395;"0.006507";"0.003771";"0.512349";"0.467853";"0.305649";"0.454432";"0.008229";"0.001860";"0.002501";"0.369670";"0.209876";"0.003239";"0.295126";"0.569448";"0.001811";"0.475522";"0.215440";"0.321929";"0.002282"
400;"0.005983";"0.002034";"0.441910";"0.358473";"0.305579";"0.483636";"0.120822";"0.001640";"0.001589";"0.356639";"0.172060";"0.001448";"0.310776";"0.396541";"0.006154";"0.476161";"0.220946";"0.071322";"0.001395"
405;"0.079051";"0.002027";"0.518516";"0.432791";"0.298565";"0.619696";"0.040141";"0.002080";"0.002118";"0.301848";"0.163957";"0.002503";"0.563255";"0.441355";"0.002040";"0.445918";"0.242065";"0.192185";"0.001683"
410;"0.005772";"0.001720";"0.413743";"0.404424";"0.299743";"0.596057";"0.008874";"0.001693";"0.001937";"0.408509";"0.175643";"0.002089";"0.329006";"0.428369";"0.004987";"0.318012";"0.103625";"0.340692";"0.001782"
415;"0.078506";"0.002035";"0.401699";"0.355990";"0.325926";"0.326320";"0.037545";"0.002809";"0.002359";"0.341809";"0.179895";"0.002029";"0.444939";"0.400996";"0.002002";"0.433961";"0.228320";"0.164457";"0.001988"
420;"0.006449";"0.001643";"0.429950";"0.485430";"0.357460";"0.604356";"0.054302";"0.001453";"0.002271";"0.472287";"0.141037";"0.001520";"0.328709";"0.457407";"0.003749";"0.353836";"0.440343";"0.205008";"0.001680"
425;"0.074392";"0.002247";"0.425929";"0.427597";"0.314707";"0.569210";"0.118429";"0.001589";"0.001772";"0.284639";"0.315433";"0.001756";"0.378513";"0.393812";"0.001233";"0.548984";"0.111173";"0.232295";"0.001627"
430;"0.006455";"0.001706";"0.406067";"0.371721";"0.348148";"0.583522";"0.042078";"0.003167";"0.002581";"0.551200";"0.147577";"0.002447";"0.372345";"0.498016";"0.001462";"0.481520";"0.137188";"0.381164";"0.002642"
435;"0.006159";"0.002564";"0.458546";"0.472408";"0.318587";"0.544360";"0.006467";"0.003266";"0.001727";"0.428450";"0.257771";"0.001784";"0.422480";"0.322520";"0.004211";"0.360070";"0.094722";"0.388493";"0.001697"
440;"0.091821";"0.002201";"0.406860";"0.379410";"0.346430";"0.558991";"0.101258";"0.002144";"0.002415";"0.552847";"0.192623";"0.001508";"0.264451";"0.514435";"0.001334";"0.603327";"0.162611";"0.129038";"0.002488"
445;"0.058769";"0.001970";"0.462211";"0.351597";"0.329267";"0.805093";"0.060281";"0.002075";"0.001801";"0.436967";"0.187754";"0.001625";"0.337504";"0.455522";"0.001374";"0.433518";"0.225067";"0.227930";"0.001951"
450;"0.061090";"0.001792";"0.408820";"0.432449";"0.293567";"0.650675";"0.035808";"0.001407";"0.002220";"0.435771";"0.134333";"0.001411";"0.587144";"0.525339";"0.001369";"0.491421";"0.234819";"0.138192";"0.001977"
455;"0.005681";"0.005495";"0.427153";"0.501132";"0.288695";"0.513793";"0.113647";"0.002495";"0.002686";"0.527872";"0.228672";"0.002466";"0.483925";"0.557592";"0.002873";"0.567199";"0.274197";"0.088055";"0.003816"
460;"0.011901";"0.002825";"0.315835";"0.433020";"0.314571";"0.590450";"0.039440";"0.002479";"0.002055";"0.532569";"0.150110";"0.001945";"0.366132";"0.424855";"0.001436";"0.315824";"0.170969";"0.234778";"0.001879"
465;"0.008392";"0.002406";"0.425910";"0.437375";"0.248139";"0.442413";"0.041909";"0.002405";"0.002588";"0.505554";"0.206536";"0.003292";"0.395583";"0.356908";"0.009255";"0.393352";"0.005758";"0.259620";"0.003156"
470;"0.009009";"0.001618";"0.446344";"0.403162";"0.333939";"0.481183";"0.040463";"0.001504";"0.001701";"0.430473";"0.233362";"0.001594";"0.408983";"0.410647";"0.001266";"0.546096";"0.204245";"0.180005";"0.002200"
475;"0.008803";"0.002073";"0.457644";"0.440954";"0.380270";"0.625363";"0.053018";"0.001700";"0.002116";"0.467192";"0.189127";"0.003718";"0.449100";"0.437726";"0.002288";"0.521068";"0.284241";"0.129283";"0.002017"
480;"0.005356";"0.002059";"0.398720";"0.468055";"0.321838";"0.440637";"0.036513";"0.001708";"0.001536";"0.385303";"0.225614";"0.001722";"0.420141";"0.430396";"0.001180";"0.407084";"0.234208";"0.072893";"0.001634"
485;"0.184640";"0.002574";"0.445920";"0.433694";"0.385460";"0.365022";"0.072212";"0.002318";"0.003219";"0.613396";"0.209875";"0.002199";"0.538532";"0.401307";"0.005233";"0.416313";"0.205600";"0.054955";"0.002656"
490;"0.007633";"0.002004";"0.423289";"0.404031";"0.296245";"0.764453";"0.067758";"0.001958";"0.001726";"0.285281";"0.173507";"0.001627";"0.427923";"0.408728";"0.002188";"0.520549";"0.272440";"0.270442";"0.002058"
495;"0.118124";"0.001791";"0.515974";"0.442107";"0.316591";"0.565989";"0.038974";"0.001723";"0.002263";"0.399337";"0.154669";"0.002532";"0.569805";"0.477268";"0.003623";"0.468155";"0.227719";"0.229412";"0.002222"
500;"0.010856";"0.002078";"0.443627";"0.447128";"0.354139";"0.371071";"0.064994";"0.002087";"0.001916";"0.324605";"0.171093";"0.001841";"0.470530";"0.461426";"0.003984";"0.367119";"0.137478";"0.298478";"0.002101"
505;"0.068555";"0.002295";"0.465218";"0.421038";"0.331298";"0.680260";"0.086144";"0.003399";"0.001960";"0.561559";"0.264205";"0.003212";"0.478189";"0.485804";"0.001854";"0.370166";"0.341090";"0.122301";"0.001915"
510;"0.008759";"0.002262";"0.434499";"0.431288";"0.343946";"0.632743";"0.041372";"0.002005";"0.002186";"0.443231";"0.206180";"0.002132";"0.572803";"0.467721";"0.004497";"0.418608";"0.300590";"0.137706";"0.001678"
515;"0.072184";"0.001937";"0.377090";"0.413941";"0.284568";"0.374771";"0.006538";"0.002222";"0.001909";"0.363145";"0.274708";"0.001555";"0.470262";"0.505700";"0.003755";"0.468677";"0.004672";"0.187233";"0.002192"
520;"0.163253";"0.001812";"0.355852";"0.491427";"0.300241";"0.543869";"0.059115";"0.002455";"0.001716";"0.444646";"0.211226";"0.001885";"0.464740";"0.424106";"0.006030";"0.508585";"0.108005";"0.186187";"0.002095"
525;"0.113934";"0.001966";"0.392322";"0.466167";"0.348326";"0.435383";"0.006556";"0.002476";"0.002204";"0.579703";"0.246267";"0.001931";"0.368850";"0.387173";"0.001570";"0.471978";"0.302982";"0.186868";"0.002546"
530;"0.006021";"0.002098";"0.482828";"0.369428";"0.325784";"0.610099";"0.006151";"0.001782";"0.001917";"0.494037";"0.201106";"0.002268";"0.312488";"0.346602";"0.001469";"0.399951";"0.171175";"0.364807";"0.001889"
535;"0.011078";"0.004036";"0.521766";"0.418461";"0.294327";"0.626396";"0.086997";"0.002445";"0.002055";"0.429769";"0.158580";"0.001907";"0.530561";"0.473471";"0.007565";"0.355993";"0.235647";"0.085513";"0.003457"
540;"0.007648";"0.002432";"0.423937";"0.413959";"0.310512";"0.458698";"0.036751";"0.001999";"0.001981";"0.545400";"0.230220";"0.001160";"0.428063";"0.544005";"0.002899";"0.394208";"0.239866";"0.142232";"0.001620"
545;"0.069166";"0.004086";"0.442466";"0.465682";"0.306718";"0.537555";"0.052532";"0.001959";"0.002468";"0.535582";"0.238026";"0.003023";"0.404614";"0.435826";"0.001687";"0.329189";"0.186614";"0.180054";"0.002133"
550;"0.012793";"0.001814";"0.455030";"0.490808";"0.320019";"0.644976";"0.006126";"0.002035";"0.001782";"0.372626";"0.174817";"0.001740";"0.491517";"0.371959";"0.001212";"0.437408";"0.123978";"0.503545";"0.002060"
555;"0.011466";"0.001694";"0.390420";"0.523484";"0.315763";"0.382309";"0.041516";"0.002297";"0.002247";"0.384663";"0.265082";"0.001924";"0.454844";"0.422073";"0.001510";"0.493781";"0.232493";"0.180909";"0.002010"
560;"0.074622";"0.001342";"0.520513";"0.415376";"0.339415";"0.668412";"0.130646";"0.002097";"0.001802";"0.507973";"0.245461";"0.001912";"0.274610";"0.338971";"0.001285";"0.315922";"0.388151";"0.010293";"0.001595"
565;"0.055629";"0.002761";"0.443824";"0.401858";"0.323254";"0.547485";"0.007197";"0.002314";"0.001797";"0.383661";"0.256531";"0.004089";"0.419349";"0.436706";"0.001384";"0.493526";"0.150530";"0.406430";"0.001838"
570;"0.006371";"0.001780";"0.416135";"0.346094";"0.324775";"0.611602";"0.108814";"0.001675";"0.001602";"0.413973";"0.215688";"0.002045";"0.489883";"0.390542";"0.001325";"0.363538";"0.193155";"0.254388";"0.001867"
575;"0.063246";"0.002123";"0.484795";"0.373494";"0.331600";"0.467236";"0.042932";"0.002262";"0.002610";"0.308567";"0.245575";"0.001945";"0.451496";"0.414557";"0.001345";"0.320418";"0.224356";"0.246714";"0.002080"
580;"0.064632";"0.001683";"0.500454";"0.360244";"0.326074";"0.497252";"0.076760";"0.002153";"0.002019";"0.318053";"0.169928";"0.001610";"0.503593";"0.478914";"0.001944";"0.296532";"0.129448";"0.337278";"0.001384"
585;"0.011501";"0.006005";"0.420743";"0.421227";"0.306429";"0.570663";"0.070093";"0.002625";"0.002032";"0.379150";"0.158808";"0.001801";"0.590183";"0.339750";"0.001805";"0.417249";"0.186853";"0.128822";"0.002060"
590;"0.062684";"0.001891";"0.428279";"0.436842";"0.310275";"0.460601";"0.060273";"0.001851";"0.001947";"0.453669";"0.199378";"0.001272";"0.432888";"0.457017";"0.001427";"0.340775";"0.279686";"0.088130";"0.002157"
595;"0.111052";"0.001515";"0.389002";"0.356692";"0.333276";"0.513160";"0.057231";"0.001747";"0.001962";"0.504343";"0.249708";"0.002399";"0.531618";"0.400686";"0.006592";"0.398998";"0.279825";"0.095439";"0.001834"
600;"0.086376";"0.004117";"0.422846";"0.373674";"0.348901";"0.433723";"0.008595";"0.002411";"0.002535";"0.506137";"0.187006";"0.002729";"0.505133";"0.541755";"0.001441";"0.410825";"0.208517";"0.273179";"0.002341"
605;"0.013826";"0.004142";"0.384993";"0.419686";"0.312208";"0.514943";"0.044591";"0.003049";"0.002005";"0.651716";"0.146488";"0.003085";"0.414071";"0.435966";"0.001886";"0.295990";"0.115935";"0.317135";"0.002387"
610;"0.082820";"0.004418";"0.431006";"0.391873";"0.318356";"0.466148";"0.047665";"0.001295";"0.002270";"0.394780";"0.140186";"0.003063";"0.468080";"0.401703";"0.002990";"0.566032";"0.240025";"0.216233";"0.001830"
615;"0.012979";"0.001663";"0.430069";"0.448392";"0.275308";"0.543751";"0.161089";"0.001312";"0.001850";"0.452582";"0.295933";"0.001832";"0.463569";"0.426402";"0.001152";"0.381608";"0.081216";"0.072783";"0.001763"
620;"0.128422";"0.002575";"0.495870";"0.412665";"0.326428";"0.595266";"0.085608";"0.001651";"0.002249";"0.320924";"0.161486";"0.003064";"0.418908";"0.461723";"0.002774";"0.403643";"0.274586";"0.218074";"0.001756"
625;"0.109489";"0.002015";"0.463453";"0.388104";"0.343324";"0.512229";"0.034148";"0.001881";"0.001692";"0.397570";"0.219878";"0.001824";"0.382673";"0.391072";"0.004282";"0.444325";"0.116404";"0.228194";"0.002109"
630;"0.008778";"0.001839";"0.425778";"0.461246";"0.300412";"0.439417";"0.035172";"0.001970";"0.002875";"0.491568";"0.202105";"0.002198";"0.222075";"0.473556";"0.001456";"0.519800";"0.360730";"0.005367";"0.003044"
635;"0.007840";"0.002130";"0.392612";"0.423729";"0.344617";"0.448488";"0.005959";"0.001767";"0.001795";"0.408417";"0.192781";"0.002068";"0.551540";"0.382454";"0.001447";"0.329575";"0.203554";"0.298144";"0.002178"
640;"0.068829";"0.003535";"0.471228";"0.336128";"0.340631";"0.439701";"0.036715";"0.002093";"0.002012";"0.539097";"0.232383";"0.003036";"0.491521";"0.485313";"0.001472";"0.474900";"0.195427";"0.203417";"0.001939"
645;"0.008387";"0.001736";"0.508286";"0.468856";"0.312963";"0.657515";"0.027877";"0.001955";"0.002148";"0.421196";"0.215315";"0.002007";"0.470529";"0.330289";"0.004049";"0.391547";"0.276537";"0.180491";"0.002119"
650;"0.082984";"0.002320";"0.423147";"0.374935";"0.345980";"0.563188";"0.098222";"0.001636";"0.002084";"0.319660";"0.257071";"0.001382";"0.448130";"0.397011";"0.003316";"0.459987";"0.336383";"0.256488";"0.001888"
655;"0.006920";"0.001700";"0.457180";"0.474816";"0.299710";"0.556065";"0.080739";"0.002033";"0.002461";"0.442341";"0.193022";"0.001712";"0.399916";"0.273754";"0.001895";"0.357469";"0.137953";"0.187446";"0.001919"
660;"0.131716";"0.002586";"0.407023";"0.438669";"0.287125";"0.345826";"0.037922";"0.001993";"0.001881";"0.366993";"0.221096";"0.001470";"0.409008";"0.485403";"0.002069";"0.331963";"0.256397";"0.180679";"0.001832"
665;"0.065104";"0.002426";"0.355642";"0.441111";"0.301979";"0.393738";"0.078226";"0.004499";"0.002356";"0.462313";"0.198908";"0.001644";"0.448377";"0.394950";"0.003906";"0.310736";"0.360491";"0.205814";"0.001916"
670;"0.138601";"0.001965";"0.396419";"0.405509";"0.295936";"0.605275";"0.056741";"0.002014";"0.002168";"0.348058";"0.207756";"0.001610";"0.410221";"0.463161";"0.001435";"0.269247";"0.366618";"0.192479";"0.001884"
675;"0.066462";"0.002311";"0.471101";"0.526489";"0.328150";"0.666996";"0.043818";"0.001581";"0.001931";"0.379733";"0.212462";"0.001655";"0.532091";"0.541815";"0.001326";"0.405011";"0.196469";"0.157934";"0.002495"
680;"0.005563";"0.001467";"0.473213";"0.438534";"0.293144";"0.687919";"0.007838";"0.001953";"0.002868";"0.340548";"0.229148";"0.002213";"0.555084";"0.405158";"0.004534";"0.447903";"0.131827";"0.204176";"0.003159"
685;"0.117976";"0.001693";"0.365396";"0.386906";"0.314049";"0.542076";"0.055128";"0.001924";"0.002102";"0.390597";"0.270350";"0.001834";"0.432908";"0.516575";"0.005947";"0.446677";"0.290494";"0.054803";"0.002292"
690;"0.010805";"0.002547";"0.469310";"0.466645";"0.345821";"0.597463";"0.049185";"0.003320";"0.002624";"0.412296";"0.192315";"0.003076";"0.460476";"0.413786";"0.001285";"0.495030";"0.267435";"0.284118";"0.003111"
695;"0.006966";"0.003949";"0.387911";"0.438011";"0.342982";"0.491135";"0.060302";"0.001613";"0.001682";"0.438807";"0.205577";"0.001608";"0.603777";"0.331751";"0.003852";"0.437918";"0.316984";"0.170280";"0.001983"
700;"0.069044";"0.002863";"0.408545";"0.432939";"0.320951";"0.649272";"0.091774";"0.002021";"0.001603";"0.421429";"0.181117";"0.001767";"0.372060";"0.372607";"0.003196";"0.406259";"0.336660";"0.094826";"0.001764"
705;"0.007052";"0.001777";"0.386403";"0.489072";"0.307103";"0.345530";"0.070326";"0.004418";"0.003236";"0.379984";"0.181826";"0.002603";"0.385362";"0.616342";"0.002353";"0.435533";"0.007682";"0.258897";"0.002531"
710;"0.008646";"0.001306";"0.403437";"0.458769";"0.336328";"0.603131";"0.007227";"0.001373";"0.001974";"0.429577";"0.180002";"0.001572";"0.365475";"0.401050";"0.001238";"0.354972";"0.098620";"0.385665";"0.001637"
715;"0.054855";"0.003393";"0.435722";"0.342189";"0.376638";"0.698031";"0.030330";"0.001859";"0.001952";"0.527979";"0.224768";"0.001886";"0.403466";"0.503755";"0.004388";"0.305990";"0.081860";"0.305067";"0.001735"
720;"0.063805";"0.001811";"0.415228";"0.450005";"0.260366";"0.430601";"0.094673";"0.002597";"0.002806";"0.448698";"0.169557";"0.001845";"0.330308";"0.388524";"0.004681";"0.405312";"0.007750";"0.261987";"0.002411"
725;"0.009196";"0.003085";"0.465555";"0.476673";"0.339594";"0.598670";"0.043303";"0.001694";"0.001753";"0.398094";"0.227884";"0.002756";"0.357040";"0.428884";"0.005736";"0.519448";"0.004024";"0.221583";"0.001725"
730;"0.097122";"0.001458";"0.437523";"0.467632";"0.357963";"0.677848";"0.057369";"0.001641";"0.001782";"0.439298";"0.206579";"0.001641";"0.363902";"0.477251";"0.001605";"0.430228";"0.366923";"0.096868";"0.002139"
735;"0.151313";"0.003031";"0.406889";"0.407904";"0.291578";"0.512191";"0.037541";"0.002459";"0.002642";"0.384918";"0.201122";"0.002262";"0.483825";"0.374366";"0.004310";"0.323985";"0.192778";"0.234312";"0.002989"
740;"0.006002";"0.003525";"0.459877";"0.413776";"0.330885";"0.369851";"0.088348";"0.001942";"0.001952";"0.468174";"0.264393";"0.001438";"0.482584";"0.402712";"0.001852";"0.386734";"0.088571";"0.186395";"0.002155"
745;"0.148066";"0.002240";"0.364016";"0.368648";"0.331660";"0.323022";"0.144518";"0.001282";"0.003336";"0.397805";"0.239322";"0.006035";"0.449027";"0.356214";"0.006449";"0.352107";"0.207367";"0.239849";"0.002871"
750;"0.007972";"0.001168";"0.472095";"0.435225";"0.338190";"0.562513";"0.071436";"0.001578";"0.001910";"0.397970";"0.183775";"0.001561";"0.603854";"0.449519";"0.006355";"0.347665";"0.189687";"0.090202";"0.001587"
755;"0.005186";"0.002669";"0.421867";"0.358076";"0.336161";"0.400874";"0.042675";"0.001628";"0.001879";"0.479385";"0.227272";"0.001648";"0.352855";"0.468193";"0.001343";"0.453593";"0.064751";"0.358646";"0.001957"
760;"0.106350";"0.001628";"0.444901";"0.410948";"0.323764";"0.412512";"0.047553";"0.001871";"0.003022";"0.495055";"0.250488";"0.002149";"0.378552";"0.444497";"0.006158";"0.400592";"0.171826";"0.009234";"0.002428"
765;"0.139247";"0.002567";"0.426741";"0.454471";"0.305838";"0.587225";"0.037295";"0.001579";"0.001661";"0.306434";"0.278569";"0.002012";"0.417280";"0.404994";"0.001192";"0.480193";"0.304957";"0.255748";"0.002041"
770;"0.009143";"0.001600";"0.447756";"0.514222";"0.269951";"0.548593";"0.119556";"0.001475";"0.001750";"0.340011";"0.146803";"0.001872";"0.365577";"0.380373";"0.005962";"0.505653";"0.504478";"0.203651";"0.001740"
775;"0.006128";"0.002408";"0.438482";"0.405341";"0.311643";"0.579358";"0.042939";"0.001653";"0.001706";"0.317670";"0.200650";"0.002711";"0.589530";"0.472831";"0.001231";"0.473617";"0.186940";"0.221453";"0.001865"
780;"0.006781";"0.001531";"0.410694";"0.374402";"0.328285";"0.410196";"0.041084";"0.001870";"0.003136";"0.494888";"0.179614";"0.001920";"0.504185";"0.410530";"0.005170";"0.378605";"0.230579";"0.253862";"0.002241"
785;"0.087179";"0.002585";"0.430091";"0.394670";"0.291916";"0.459222";"0.093925";"0.001878";"0.001529";"0.365278";"0.247563";"0.002213";"0.384873";"0.495830";"0.001333";"0.418380";"0.253752";"0.204049";"0.001799"
790;"0.073950";"0.002599";"0.434596";"0.421037";"0.302176";"0.610552";"0.064777";"0.002072";"0.001546";"0.418183";"0.253063";"0.001773";"0.558760";"0.534634";"0.001464";"0.223414";"0.388310";"0.158118";"0.001912"
795;"0.164763";"0.001506";"0.450777";"0.351169";"0.284566";"0.471633";"0.005537";"0.002952";"0.002764";"0.481048";"0.204549";"0.001440";"0.467217";"0.448975";"0.003975";"0.481010";"0.253451";"0.082391";"0.003501"
800;"0.077057";"0.003064";"0.409713";"0.439122";"0.368670";"0.331113";"0.006466";"0.001490";"0.001743";"0.318658";"0.255981";"0.001962";"0.448157";"0.400435";"0.003937";"0.397309";"0.064613";"0.105223";"0.001844"
805;"0.008026";"0.001365";"0.423112";"0.476327";"0.266529";"0.334777";"0.038847";"0.001762";"0.001999";"0.520195";"0.208215";"0.001408";"0.442405";"0.496966";"0.001419";"0.533806";"0.238842";"0.146915";"0.001894"
810;"0.008240";"0.004984";"0.476582";"0.440492";"0.322660";"0.565505";"0.012898";"0.004034";"0.002591";"0.380242";"0.226315";"0.001580";"0.461885";"0.486342";"0.001421";"0.421058";"0.507183";"0.099857";"0.003245"
815;"0.130071";"0.001589";"0.318597";"0.457305";"0.336376";"0.647414";"0.112678";"0.001735";"0.002021";"0.460481";"0.254476";"0.001544";"0.259621";"0.472874";"0.001911";"0.586295";"0.305900";"0.203620";"0.001624"
820;"0.191551";"0.002199";"0.452291";"0.426286";"0.309626";"0.597164";"0.069508";"0.001627";"0.001844";"0.458223";"0.217349";"0.001519";"0.485128";"0.316349";"0.001434";"0.267757";"0.176887";"0.226169";"0.001632"
825;"0.125342";"0.001859";"0.492447";"0.520336";"0.337070";"0.592272";"0.005649";"0.001866";"0.002414";"0.541342";"0.212644";"0.002138";"0.393530";"0.593228";"0.001196";"0.475918";"0.008287";"0.139041";"0.001404"
830;"0.153929";"0.003460";"0.386641";"0.376781";"0.329805";"0.408248";"0.070966";"0.002934";"0.004237";"0.654734";"0.183772";"0.002477";"0.325700";"0.396838";"0.001366";"0.340400";"0.278492";"0.281685";"0.002399"
835;"0.205282";"0.001783";"0.469030";"0.470586";"0.326770";"0.527799";"0.008980";"0.001667";"0.001831";"0.479088";"0.284499";"0.001355";"0.489831";"0.516251";"0.005589";"0.491173";"0.243188";"0.219834";"0.001540"
840;"0.007703";"0.002640";"0.433464";"0.414070";"0.295784";"0.638431";"0.057708";"0.001497";"0.001831";"0.574170";"0.220178";"0.001762";"0.470184";"0.405654";"0.001306";"0.506778";"0.077920";"0.075861";"0.001715"
845;"0.017235";"0.009867";"0.423617";"0.503462";"0.306781";"0.503269";"0.007335";"0.001667";"0.002722";"0.454313";"0.233037";"0.005303";"0.309132";"0.367652";"0.001525";"0.397050";"0.171443";"0.150925";"0.003263"
850;"0.062024";"0.002804";"0.463532";"0.396294";"0.336434";"0.722752";"0.040049";"0.001603";"0.001841";"0.264591";"0.175295";"0.001586";"0.364762";"0.405533";"0.001323";"0.291712";"0.128428";"0.207125";"0.002218"
855;"0.103728";"0.001538";"0.462783";"0.398879";"0.375575";"0.542623";"0.008352";"0.001988";"0.001441";"0.542670";"0.223658";"0.001995";"0.318258";"0.352717";"0.002938";"0.545569";"0.240162";"0.389641";"0.001855"
860;"0.194221";"0.002206";"0.344563";"0.497028";"0.307166";"0.482936";"0.069665";"0.002045";"0.001852";"0.290844";"0.239491";"0.001597";"0.192961";"0.490178";"0.004004";"0.505718";"0.103883";"0.186000";"0.002016"
865;"0.011860";"0.001678";"0.459768";"0.393426";"0.281048";"0.509940";"0.009130";"0.001946";"0.001974";"0.335856";"0.233134";"0.001566";"0.415743";"0.485174";"0.001342";"0.437261";"0.230453";"0.153995";"0.001716"
870;"0.073161";"0.006001";"0.449373";"0.464107";"0.302634";"0.428517";"0.045063";"0.002109";"0.001814";"0.527167";"0.262998";"0.005192";"0.460509";"0.385678";"0.004983";"0.550916";"0.258359";"0.272631";"0.003238"
875;"0.007954";"0.001860";"0.389301";"0.437608";"0.321706";"0.445781";"0.079249";"0.002310";"0.002049";"0.352365";"0.188526";"0.002233";"0.418546";"0.467316";"0.001800";"0.309424";"0.084404";"0.395403";"0.001790"
880;"0.068622";"0.001634";"0.412847";"0.422246";"0.373433";"0.541897";"0.079549";"0.001535";"0.002246";"0.267814";"0.261353";"0.001877";"0.591608";"0.424122";"0.001816";"0.551974";"0.193774";"0.158651";"0.001588"
885;"0.010495";"0.002252";"0.377666";"0.429567";"0.281479";"0.224622";"0.063058";"0.004645";"0.004904";"0.362725";"0.192117";"0.002951";"0.331757";"0.421488";"0.005222";"0.559580";"0.254656";"0.192586";"0.004569"
890;"0.088312";"0.001453";"0.444508";"0.391705";"0.293785";"0.440857";"0.008152";"0.001513";"0.001833";"0.504743";"0.167338";"0.001906";"0.447453";"0.312856";"0.011613";"0.486979";"0.052589";"0.156039";"0.001343"
895;"0.172004";"0.001390";"0.529728";"0.442026";"0.329023";"0.363969";"0.088888";"0.001761";"0.001809";"0.505153";"0.164742";"0.002114";"0.519027";"0.399181";"0.001652";"0.425163";"0.407615";"0.320048";"0.001720"
900;"0.005023";"0.002229";"0.422328";"0.402692";"0.319907";"0.546625";"0.037722";"0.001632";"0.001957";"0.403261";"0.266442";"0.001945";"0.445096";"0.463030";"0.003925";"0.405242";"0.181087";"0.404881";"0.001722"
905;"0.096654";"0.002014";"0.497047";"0.442716";"0.351169";"0.651277";"0.079495";"0.001998";"0.002033";"0.370217";"0.210108";"0.002362";"0.616974";"0.291452";"0.012043";"0.359154";"0.449992";"0.345306";"0.001963"
910;"0.005249";"0.001746";"0.483620";"0.430342";"0.361550";"0.544912";"0.032982";"0.001727";"0.001680";"0.489197";"0.262080";"0.001637";"0.490966";"0.447709";"0.001251";"0.504884";"0.074932";"0.137812";"0.001628"
915;"0.006051";"0.004158";"0.478381";"0.389667";"0.330669";"0.591799";"0.038416";"0.001860";"0.002160";"0.438960";"0.203734";"0.001591";"0.276506";"0.318632";"0.004033";"0.481550";"0.192048";"0.272708";"0.001687"
920;"0.008201";"0.001420";"0.429238";"0.449469";"0.331818";"0.462701";"0.008851";"0.001842";"0.001879";"0.482372";"0.162682";"0.001548";"0.468223";"0.408719";"0.003381";"0.392648";"0.203710";"0.094591";"0.001830"
925;"0.175468";"0.002027";"0.412589";"0.463413";"0.293098";"0.479001";"0.005757";"0.001552";"0.001787";"0.346515";"0.172921";"0.002295";"0.442617";"0.418242";"0.007904";"0.384651";"0.150381";"0.220804";"0.002157"
930;"0.008213";"0.003828";"0.460902";"0.422917";"0.305787";"0.516330";"0.005861";"0.002207";"0.003272";"0.495524";"0.187876";"0.001909";"0.473724";"0.273659";"0.004033";"0.416961";"0.244239";"0.283251";"0.003907"
935;"0.097651";"0.001755";"0.370830";"0.476245";"0.336037";"0.580898";"0.042613";"0.002320";"0.002062";"0.339718";"0.260363";"0.001933";"0.428126";"0.475564";"0.005913";"0.166346";"0.281874";"0.012748";"0.002068"
940;"0.089237";"0.002221";"0.467129";"0.431542";"0.306336";"0.577454";"0.039938";"0.001721";"0.001929";"0.425957";"0.220997";"0.001385";"0.442619";"0.570050";"0.001231";"0.514875";"0.337398";"0.006858";"0.001931"
945;"0.005726";"0.002165";"0.428481";"0.479619";"0.345434";"0.454583";"0.101855";"0.001405";"0.001797";"0.486023";"0.255039";"0.001712";"0.533309";"0.495369";"0.004763";"0.313686";"0.146933";"0.355550";"0.002348"
950;"0.008526";"0.002597";"0.440275";"0.410775";"0.327154";"0.621495";"0.036738";"0.001988";"0.001547";"0.310769";"0.203587";"0.001944";"0.394492";"0.399822";"0.003586";"0.505821";"0.142326";"0.459584";"0.001680"
955;"0.042880";"0.002554";"0.433710";"0.403118";"0.316394";"0.453735";"0.035405";"0.002072";"0.002018";"0.274329";"0.173570";"0.001721";"0.503268";"0.404128";"0.001248";"0.240159";"0.221063";"0.310303";"0.002116"
960;"0.008578";"0.004500";"0.413852";"0.378710";"0.280277";"0.502414";"0.101794";"0.001974";"0.004303";"0.370167";"0.221544";"0.005305";"0.547911";"0.549849";"0.001963";"0.618576";"0.083675";"0.007488";"0.005453"
965;"0.096562";"0.001451";"0.404075";"0.412898";"0.296233";"0.575567";"0.039859";"0.001841";"0.002082";"0.418251";"0.282044";"0.002207";"0.570718";"0.329982";"0.001355";"0.432534";"0.367657";"0.575954";"0.001575"
970;"0.071444";"0.001591";"0.375729";"0.426617";"0.367307";"0.508761";"0.060648";"0.001523";"0.001532";"0.452246";"0.226559";"0.002510";"0.415368";"0.345072";"0.001224";"0.399832";"0.286807";"0.301376";"0.002140"
975;"0.005285";"0.002063";"0.380711";"0.508574";"0.333600";"0.434792";"0.006407";"0.001505";"0.001805";"0.286162";"0.214932";"0.001582";"0.381955";"0.430499";"0.002478";"0.433196";"0.226274";"0.007952";"0.001676"
980;"0.005431";"0.001586";"0.449835";"0.413151";"0.307595";"0.472250";"0.040842";"0.001584";"0.001795";"0.464342";"0.190122";"0.001491";"0.388243";"0.692520";"0.008749";"0.507309";"0.321354";"0.154716";"0.001707"
985;"0.085066";"0.001892";"0.432279";"0.414720";"0.335726";"0.559402";"0.005765";"0.001724";"0.001991";"0.347591";"0.255412";"0.001530";"0.503889";"0.397416";"0.003732";"0.492041";"0.234405";"0.238313";"0.001702"
990;"0.062284";"0.001991";"0.418670";"0.416025";"0.322149";"0.594710";"0.011636";"0.003138";"0.002837";"0.477193";"0.236672";"0.002528";"0.521554";"0.473219";"0.004154";"0.512069";"0.073750";"0.160391";"0.006096"
995;"0.076218";"0.002541";"0.453920";"0.479013";"0.323846";"0.344297";"0.041698";"0.001745";"0.001931";"0.415886";"0.203200";"0.001852";"0.276053";"0.405315";"0.001381";"0.433334";"0.139406";"0.298074";"0.001871"
1000;"0.208561";"0.001612";"0.495424";"0.406522";"0.283997";"0.514078";"0.006263";"0.002043";"0.001727";"0.347582";"0.229619";"0.001500";"0.448889";"0.312390";"0.003187";"0.623898";"0.057785";"0.253659";"0.001767"
1005;"0.062232";"0.001663";"0.418675";"0.455945";"0.285584";"0.459100";"0.095891";"0.001436";"0.002088";"0.519775";"0.207349";"0.001923";"0.378064";"0.543884";"0.003067";"0.461830";"0.242044";"0.256185";"0.001983"
1010;"0.111935";"0.001635";"0.371091";"0.404739";"0.309573";"0.578539";"0.090491";"0.001746";"0.001752";"0.468532";"0.198525";"0.001897";"0.403641";"0.420765";"0.001701";"0.417396";"0.213732";"0.114625";"0.001673"
1015;"0.006830";"0.001773";"0.464698";"0.409657";"0.310056";"0.313871";"0.007238";"0.001745";"0.001709";"0.517328";"0.164418";"0.001584";"0.436288";"0.408895";"0.004932";"0.479715";"0.137174";"0.226077";"0.002282"
1020;"0.070124";"0.002914";"0.444617";"0.416511";"0.296813";"0.725300";"0.067529";"0.001976";"0.004003";"0.582217";"0.240287";"0.003052";"0.564499";"0.405871";"0.001379";"0.468223";"0.395795";"0.214692";"0.004075"
1025;"0.059138";"0.001759";"0.532332";"0.382775";"0.315947";"0.299486";"0.040811";"0.001849";"0.001562";"0.399160";"0.202685";"0.001832";"0.432422";"0.380165";"0.001284";"0.556281";"0.158154";"0.289146";"0.001672"
1030;"0.008675";"0.002250";"0.398040";"0.390174";"0.320318";"0.474535";"0.064364";"0.001701";"0.002106";"0.487971";"0.202112";"0.001901";"0.370009";"0.427096";"0.003477";"0.374371";"0.258347";"0.344327";"0.001569"
1035;"0.171391";"0.001866";"0.468960";"0.475618";"0.343574";"0.334565";"0.062704";"0.001913";"0.001669";"0.280670";"0.228553";"0.001464";"0.420840";"0.354403";"0.004165";"0.468122";"0.206400";"0.004847";"0.002335"
1040;"0.009104";"0.001529";"0.422118";"0.421506";"0.337924";"0.478846";"0.007808";"0.001550";"0.001717";"0.504286";"0.199064";"0.001584";"0.700634";"0.372798";"0.001362";"0.383812";"0.220717";"0.273298";"0.001818"
1045;"0.228351";"0.002526";"0.476509";"0.435802";"0.318585";"0.668121";"0.038260";"0.001562";"0.001660";"0.440968";"0.166622";"0.002263";"0.503312";"0.493115";"0.001648";"0.493721";"0.378594";"0.242066";"0.001927"
1050;"0.010446";"0.010520";"0.385254";"0.380535";"0.336596";"0.399788";"0.077133";"0.011010";"0.005458";"0.343239";"0.189824";"0.006777";"0.549730";"0.453148";"0.008826";"0.488970";"0.318051";"0.157362";"0.002391"
1055;"0.054564";"0.002181";"0.405081";"0.464343";"0.298531";"0.440358";"0.031111";"0.001619";"0.001515";"0.485086";"0.222306";"0.002001";"0.484582";"0.470059";"0.001253";"0.338903";"0.311328";"0.303910";"0.001975"
1060;"0.007865";"0.001645";"0.389909";"0.425663";"0.338171";"0.466570";"0.040275";"0.002846";"0.001717";"0.328855";"0.258529";"0.001418";"0.489318";"0.311673";"0.001262";"0.380617";"0.123995";"0.113279";"0.002153"
1065;"0.091942";"0.001785";"0.402823";"0.424510";"0.268151";"0.365989";"0.128882";"0.001698";"0.001767";"0.403200";"0.178259";"0.001649";"0.318221";"0.412803";"0.001576";"0.389253";"0.130699";"0.241477";"0.001900"
1070;"0.005455";"0.001760";"0.450361";"0.430898";"0.295911";"0.403612";"0.074134";"0.002143";"0.002126";"0.395518";"0.179478";"0.001624";"0.481686";"0.490954";"0.001542";"0.503490";"0.255963";"0.204285";"0.001816"
1075;"0.005098";"0.002037";"0.481159";"0.374153";"0.334084";"0.638835";"0.040352";"0.001948";"0.001664";"0.496283";"0.253657";"0.001711";"0.464642";"0.391738";"0.003918";"0.398149";"0.255328";"0.360486";"0.001779"
1080;"0.005884";"0.021061";"0.427921";"0.435906";"0.318654";"0.513051";"0.040756";"0.005152";"0.007710";"0.510068";"0.218068";"0.008615";"0.363659";"0.473302";"0.002813";"0.438031";"0.277476";"0.198849";"0.008765"
1085;"0.095503";"0.002235";"0.459018";"0.416367";"0.305347";"0.495037";"0.010772";"0.001728";"0.001858";"0.395467";"0.215090";"0.002109";"0.490949";"0.420022";"0.001346";"0.493105";"0.068844";"0.315979";"0.001838"
1090;"0.004880";"0.001459";"0.424504";"0.459979";"0.387120";"0.565377";"0.117791";"0.002158";"0.001886";"0.424857";"0.234825";"0.002005";"0.528257";"0.483204";"0.003453";"0.494309";"0.276992";"0.465509";"0.002444"
1095;"0.061598";"0.001773";"0.470064";"0.338263";"0.318276";"0.342993";"0.077485";"0.002035";"0.002145";"0.479970";"0.183821";"0.001815";"0.428659";"0.410466";"0.001349";"0.477377";"0.077898";"0.004257";"0.001830"
1100;"0.161766";"0.002191";"0.415583";"0.453646";"0.333308";"0.427728";"0.004881";"0.001911";"0.002041";"0.398622";"0.212553";"0.001780";"0.571544";"0.529530";"0.004000";"0.460827";"0.170708";"0.286003";"0.001791"
1105;"0.005620";"0.002061";"0.404972";"0.427190";"0.302145";"0.458985";"0.006265";"0.001702";"0.001472";"0.285685";"0.222973";"0.001842";"0.487479";"0.484476";"0.001416";"0.327204";"0.420181";"0.009428";"0.001549"
1110;"0.006068";"0.001753";"0.440533";"0.447374";"0.385126";"0.595448";"0.040515";"0.004206";"0.005356";"0.504759";"0.302533";"0.001591";"0.583752";"0.430771";"0.007204";"0.426115";"0.362811";"0.196349";"0.011332"
1115;"0.004917";"0.001661";"0.385754";"0.397895";"0.304776";"0.446395";"0.043609";"0.001705";"0.001689";"0.396869";"0.178501";"0.001843";"0.403497";"0.419797";"0.001235";"0.254344";"0.087097";"0.448530";"0.001683"
1120;"0.065014";"0.001553";"0.404703";"0.427461";"0.306224";"0.354686";"0.047975";"0.001570";"0.002345";"0.420982";"0.190661";"0.001556";"0.660705";"0.282767";"0.002223";"0.446500";"0.129047";"0.195225";"0.001608"
1125;"0.158539";"0.001534";"0.441086";"0.350326";"0.275594";"0.320311";"0.059116";"0.002041";"0.001792";"0.280650";"0.218723";"0.001649";"0.474316";"0.525511";"0.003710";"0.441089";"0.006054";"0.219124";"0.001861"
1130;"0.005385";"0.002192";"0.391760";"0.496816";"0.349394";"0.325794";"0.095107";"0.001884";"0.001754";"0.311890";"0.234358";"0.001772";"0.467137";"0.386293";"0.001354";"0.418960";"0.432797";"0.171487";"0.001949"
1135;"0.004827";"0.002248";"0.346390";"0.447744";"0.340162";"0.483626";"0.035924";"0.001604";"0.002087";"0.518219";"0.240376";"0.001834";"0.597714";"0.398204";"0.003953";"0.347945";"0.253592";"0.204096";"0.001891"
1140;"0.006840";"0.001952";"0.476171";"0.436809";"0.327407";"0.530222";"0.006059";"0.002235";"0.001994";"0.680013";"0.235856";"0.001809";"0.552496";"0.404815";"0.003314";"0.375807";"0.205883";"0.255640";"0.002028"
1145;"0.091788";"0.003101";"0.438384";"0.360735";"0.314381";"0.614040";"0.147342";"0.008262";"0.008644";"0.451747";"0.185702";"0.007016";"0.305297";"0.399498";"0.004579";"0.514974";"0.259274";"0.322198";"0.004098"
1150;"0.050082";"0.001542";"0.510545";"0.465004";"0.312037";"0.645277";"0.079873";"0.001771";"0.001898";"0.319524";"0.204611";"0.001713";"0.274209";"0.515366";"0.001590";"0.461773";"0.243934";"0.228045";"0.001740"
1155;"0.006708";"0.001630";"0.431211";"0.372194";"0.309453";"0.490703";"0.107745";"0.001596";"0.001868";"0.504978";"0.213290";"0.001362";"0.327813";"0.493617";"0.001342";"0.304189";"0.104056";"0.169802";"0.001564"
1160;"0.072406";"0.001880";"0.469407";"0.534570";"0.329232";"0.568723";"0.005515";"0.001806";"0.001843";"0.506187";"0.203358";"0.001602";"0.398575";"0.515207";"0.001158";"0.606711";"0.003332";"0.336244";"0.002063"
1165;"0.082458";"0.001740";"0.402242";"0.405627";"0.280853";"0.670272";"0.052797";"0.001596";"0.001636";"0.365091";"0.188639";"0.001713";"0.440397";"0.527241";"0.001184";"0.463682";"0.254182";"0.336347";"0.001513"
1170;"0.016414";"0.006566";"0.469983";"0.356307";"0.312341";"0.577166";"0.008453";"0.009184";"0.009948";"0.385774";"0.180609";"0.003686";"0.397736";"0.489522";"0.001479";"0.245906";"0.540932";"0.111363";"0.005133"
1175;"0.005007";"0.002549";"0.402538";"0.432783";"0.332933";"0.442607";"0.006001";"0.001670";"0.001586";"0.421081";"0.142802";"0.001457";"0.289532";"0.448823";"0.001399";"0.492740";"0.297449";"0.172386";"0.001357"
1180;"0.116790";"0.001971";"0.401710";"0.415423";"0.334714";"0.838458";"0.059738";"0.001598";"0.001633";"0.488595";"0.199831";"0.001445";"0.475669";"0.375181";"0.007515";"0.569368";"0.274496";"0.311371";"0.001772"
1185;"0.133006";"0.002095";"0.379125";"0.449166";"0.346024";"0.597258";"0.008980";"0.001770";"0.001934";"0.492824";"0.160375";"0.001586";"0.365584";"0.325226";"0.001249";"0.429427";"0.177036";"0.206022";"0.002173"
1190;"0.158921";"0.001763";"0.518959";"0.384685";"0.321985";"0.495173";"0.071533";"0.001974";"0.002042";"0.503331";"0.158821";"0.002060";"0.448127";"0.525678";"0.002577";"0.518184";"0.420381";"0.220954";"0.001720"
1195;"0.113953";"0.001963";"0.339556";"0.454356";"0.340382";"0.512255";"0.039124";"0.001809";"0.001601";"0.365025";"0.273677";"0.001680";"0.418243";"0.431587";"0.003408";"0.475104";"0.073200";"0.004227";"0.001694"
1200;"0.005257";"0.001737";"0.372552";"0.460925";"0.322475";"0.437176";"0.109809";"0.001574";"0.001550";"0.642689";"0.211918";"0.001790";"0.394364";"0.466883";"0.001633";"0.556414";"0.379709";"0.227526";"0.001417"
1205;"0.098319";"0.007655";"0.405381";"0.422315";"0.288858";"0.512261";"0.007353";"0.007553";"0.003389";"0.542074";"0.234465";"0.009568";"0.483288";"0.500039";"0.008497";"0.373767";"0.141946";"0.313810";"0.007541"
1210;"0.005412";"0.002584";"0.424689";"0.433478";"0.333174";"0.599317";"0.091693";"0.002300";"0.001677";"0.393193";"0.187362";"0.001914";"0.393926";"0.429435";"0.001885";"0.385177";"0.203846";"0.065576";"0.001900"
1215;"0.272024";"0.001598";"0.461865";"0.403932";"0.325968";"0.458455";"0.039197";"0.001772";"0.001956";"0.295650";"0.263514";"0.001928";"0.464686";"0.455827";"0.003718";"0.426833";"0.234610";"0.336989";"0.001620"
1220;"0.076677";"0.001816";"0.392910";"0.417899";"0.287277";"0.494761";"0.006851";"0.002135";"0.001821";"0.545285";"0.251062";"0.001872";"0.515919";"0.533627";"0.001926";"0.476161";"0.093087";"0.103696";"0.001918"
1225;"0.004750";"0.001652";"0.430406";"0.395696";"0.283716";"0.524775";"0.037582";"0.001474";"0.001755";"0.527757";"0.187669";"0.001731";"0.399077";"0.388843";"0.003452";"0.457768";"0.111031";"0.341397";"0.001471"
1230;"0.131047";"0.001818";"0.445888";"0.443148";"0.277342";"0.796322";"0.089152";"0.001778";"0.001868";"0.265524";"0.250743";"0.001897";"0.394363";"0.412956";"0.006176";"0.437808";"0.107932";"0.134091";"0.002005"
1235;"0.067770";"0.001902";"0.449256";"0.380568";"0.330587";"0.511219";"0.061070";"0.001958";"0.001990";"0.329246";"0.193387";"0.002400";"0.554004";"0.367578";"0.003307";"0.490456";"0.321713";"0.300253";"0.001820"
1240;"0.019166";"0.001310";"0.402678";"0.400641";"0.312791";"0.422651";"0.053430";"0.021861";"0.013891";"0.511466";"0.257504";"0.005103";"0.384265";"0.451339";"0.005497";"0.535546";"0.073753";"0.165182";"0.010124"
1245;"0.072611";"0.001377";"0.398443";"0.457130";"0.283805";"0.542118";"0.007002";"0.001777";"0.002220";"0.290720";"0.189776";"0.002317";"0.540444";"0.432900";"0.004184";"0.321924";"0.256369";"0.191124";"0.001756"
1250;"0.151128";"0.001683";"0.386256";"0.402693";"0.291854";"0.353597";"0.117352";"0.001993";"0.001582";"0.481357";"0.202648";"0.002031";"0.503862";"0.324746";"0.001227";"0.316569";"0.146685";"0.205309";"0.001937"
1255;"0.048007";"0.001659";"0.431166";"0.402933";"0.338761";"0.565300";"0.007875";"0.001706";"0.001803";"0.304770";"0.230922";"0.002112";"0.468568";"0.401416";"0.001393";"0.593341";"0.080202";"0.198259";"0.001988"
1260;"0.009450";"0.001792";"0.503401";"0.423880";"0.345986";"0.405099";"0.060496";"0.001715";"0.001718";"0.412919";"0.221701";"0.001746";"0.588869";"0.364670";"0.001293";"0.302611";"0.291800";"0.288362";"0.002386"
1265;"0.005583";"0.002614";"0.448145";"0.432123";"0.350186";"0.399214";"0.126237";"0.001873";"0.001636";"0.328347";"0.195501";"0.001610";"0.478087";"0.571307";"0.001560";"0.358898";"0.003950";"0.146439";"0.002076"
1270;"0.148450";"0.001772";"0.422958";"0.485031";"0.314251";"0.486556";"0.126636";"0.001766";"0.001778";"0.478456";"0.261938";"0.001997";"0.458042";"0.532549";"0.001272";"0.430018";"0.256214";"0.437158";"0.002115"
1275;"0.077559";"0.001605";"0.448232";"0.349323";"0.325601";"0.582967";"0.039779";"0.002070";"0.001624";"0.337616";"0.240010";"0.001499";"0.361302";"0.488385";"0.001358";"0.466808";"0.137137";"0.184649";"0.002034"
1280;"0.020496";"0.005875";"0.481038";"0.405084";"0.291771";"0.840563";"0.216261";"0.010736";"0.006093";"0.515496";"0.224063";"0.006226";"0.553485";"0.371203";"0.001195";"0.406906";"0.066289";"0.195974";"0.002716"
1285;"0.062261";"0.001657";"0.471731";"0.371016";"0.351347";"0.639261";"0.126800";"0.001916";"0.001820";"0.354169";"0.194028";"0.001446";"0.398196";"0.423912";"0.001650";"0.483419";"0.271746";"0.355789";"0.001944"
1290;"0.004991";"0.001579";"0.409881";"0.404373";"0.297688";"0.334498";"0.037138";"0.001634";"0.001895";"0.422747";"0.174481";"0.001867";"0.468599";"0.405670";"0.011880";"0.491391";"0.104171";"0.117197";"0.002209"
1295;"0.205647";"0.002432";"0.421036";"0.434219";"0.364816";"0.395723";"0.006503";"0.001917";"0.002010";"0.458128";"0.197450";"0.001800";"0.463691";"0.371087";"0.003188";"0.372695";"0.147144";"0.281760";"0.001945"
1300;"0.208313";"0.001823";"0.440281";"0.401258";"0.339225";"0.467975";"0.006320";"0.001834";"0.002005";"0.437359";"0.190589";"0.002160";"0.537287";"0.351048";"0.005145";"0.358602";"0.218508";"0.311986";"0.001715"
1305;"0.007642";"0.001631";"0.448407";"0.406738";"0.310108";"0.510679";"0.009053";"0.001917";"0.001655";"0.286483";"0.218665";"0.001402";"0.448544";"0.449044";"0.001648";"0.375514";"0.203877";"0.121198";"0.001989"
1310;"0.005313";"0.003687";"0.403833";"0.415856";"0.316990";"0.602994";"0.029462";"0.001847";"0.001507";"0.450920";"0.212710";"0.001488";"0.379212";"0.445423";"0.001214";"0.458397";"0.239256";"0.170235";"0.001719"
1315;"0.004905";"0.001771";"0.392218";"0.504694";"0.312243";"0.525090";"0.043642";"0.001578";"0.001648";"0.437572";"0.248871";"0.001261";"0.519922";"0.370756";"0.001219";"0.263899";"0.307391";"0.095074";"0.001828"
1320;"0.072379";"0.002785";"0.442486";"0.486732";"0.345298";"0.459096";"0.039467";"0.002696";"0.001760";"0.462033";"0.269766";"0.001500";"0.471737";"0.414997";"0.003317";"0.446227";"0.298059";"0.004329";"0.001356"
1325;"0.151267";"0.002164";"0.493796";"0.436418";"0.335927";"0.718141";"0.012322";"0.007115";"0.007132";"0.314782";"0.240204";"0.001758";"0.518610";"0.355193";"0.003986";"0.471644";"0.241131";"0.142261";"0.004476"
1330;"0.091833";"0.002185";"0.387778";"0.514431";"0.271937";"0.583830";"0.079635";"0.001754";"0.001830";"0.315515";"0.274491";"0.001557";"0.371297";"0.405543";"0.001364";"0.441426";"0.055801";"0.212681";"0.002058"
1335;"0.061568";"0.001554";"0.432282";"0.388839";"0.291239";"0.461660";"0.087674";"0.002154";"0.001816";"0.432084";"0.204514";"0.001506";"0.597154";"0.266562";"0.003509";"0.507373";"0.125863";"0.226886";"0.001994"
1340;"0.052923";"0.001918";"0.471544";"0.433874";"0.359154";"0.611130";"0.039677";"0.001964";"0.001915";"0.465639";"0.247008";"0.001738";"0.460982";"0.373386";"0.005214";"0.396491";"0.239179";"0.161381";"0.002105"
1345;"0.064575";"0.001919";"0.407236";"0.448739";"0.339794";"0.325945";"0.080585";"0.001590";"0.001609";"0.455329";"0.180028";"0.001824";"0.373662";"0.447410";"0.001595";"0.550014";"0.304006";"0.115684";"0.001533"
1350;"0.005537";"0.001995";"0.427477";"0.423828";"0.304008";"0.481481";"0.038879";"0.002408";"0.001699";"0.467966";"0.174616";"0.001388";"0.489241";"0.495780";"0.004328";"0.457395";"0.340180";"0.255146";"0.001525"
1355;"0.005018";"0.001899";"0.398481";"0.442982";"0.337814";"0.588887";"0.072373";"0.001561";"0.001626";"0.370831";"0.269169";"0.002023";"0.442895";"0.385254";"0.003521";"0.419794";"0.214125";"0.243989";"0.001438"
1360;"0.056941";"0.002523";"0.480329";"0.380964";"0.320592";"0.549949";"0.006427";"0.002789";"0.001679";"0.551438";"0.190608";"0.001985";"0.398544";"0.419034";"0.004499";"0.395634";"0.375995";"0.203370";"0.002000"
1365;"0.142556";"0.001990";"0.411506";"0.424714";"0.317182";"0.649399";"0.009058";"0.001956";"0.001632";"0.487053";"0.228771";"0.001771";"0.574372";"0.401419";"0.001352";"0.621750";"0.229426";"0.434939";"0.001961"
1370;"0.094571";"0.001623";"0.502260";"0.351122";"0.318223";"0.643167";"0.081878";"0.015449";"0.021962";"0.515928";"0.213947";"0.014090";"0.502588";"0.417646";"0.008900";"0.476512";"0.330738";"0.235595";"0.017702"
1375;"0.013228";"0.001825";"0.498875";"0.416786";"0.347303";"0.534509";"0.081801";"0.001795";"0.002057";"0.554308";"0.238767";"0.001661";"0.404549";"0.399909";"0.004337";"0.466622";"0.094466";"0.253443";"0.001891"
1380;"0.005539";"0.001943";"0.435975";"0.395597";"0.341056";"0.289565";"0.037280";"0.001478";"0.001991";"0.479512";"0.165076";"0.001744";"0.367405";"0.429166";"0.003867";"0.411147";"0.186164";"0.236076";"0.002140"
1385;"0.141387";"0.001989";"0.367373";"0.470042";"0.311755";"0.457155";"0.038470";"0.001746";"0.001854";"0.454472";"0.223034";"0.001572";"0.398177";"0.492365";"0.001647";"0.363093";"0.191939";"0.340303";"0.001815"
1390;"0.068621";"0.001757";"0.511010";"0.351555";"0.296155";"0.492181";"0.061779";"0.002055";"0.001899";"0.424312";"0.193123";"0.001818";"0.311578";"0.417503";"0.001138";"0.449836";"0.387909";"0.217801";"0.002068"
1395;"0.096343";"0.001574";"0.374602";"0.437089";"0.337885";"0.398015";"0.066216";"0.001619";"0.001810";"0.399198";"0.114967";"0.001650";"0.370492";"0.455974";"0.002989";"0.351454";"0.137523";"0.122244";"0.001695"
1400;"0.005710";"0.001579";"0.383812";"0.399339";"0.310449";"0.471066";"0.035157";"0.001817";"0.001703";"0.353238";"0.160760";"0.001591";"0.440102";"0.436121";"0.001360";"0.548492";"0.420837";"0.082030";"0.001771"
1405;"0.011984";"0.001719";"0.479952";"0.515891";"0.325221";"0.428153";"0.005669";"0.001645";"0.001468";"0.390804";"0.181885";"0.002005";"0.455850";"0.330273";"0.001306";"0.387451";"0.305278";"0.321718";"0.001810"
1410;"0.008192";"0.001333";"0.422235";"0.443366";"0.283458";"0.563872";"0.006946";"0.001366";"0.001671";"0.465874";"0.282503";"0.001618";"0.392199";"0.475696";"0.006087";"0.339163";"0.360756";"0.204365";"0.001528"
1415;"0.101760";"0.001690";"0.397429";"0.499883";"0.323238";"0.658082";"0.067487";"0.001681";"0.001856";"0.353833";"0.176215";"0.001941";"0.431949";"0.366496";"0.001423";"0.416815";"0.210798";"0.115223";"0.001584"
1420;"0.004819";"0.001734";"0.448110";"0.477880";"0.324334";"0.493262";"0.033829";"0.002344";"0.001475";"0.537346";"0.219416";"0.002065";"0.349182";"0.428021";"0.003126";"0.337243";"0.234300";"0.217866";"0.001684"
1425;"0.008034";"0.001786";"0.490594";"0.423176";"0.361895";"0.453506";"0.062970";"0.010563";"0.009194";"0.446711";"0.254642";"0.018612";"0.434947";"0.451491";"0.008843";"0.415313";"0.267787";"0.255010";"0.014737"
1430;"0.148307";"0.001784";"0.362158";"0.366078";"0.294549";"0.585122";"0.040514";"0.001386";"0.002122";"0.356541";"0.212242";"0.002255";"0.437113";"0.468538";"0.002953";"0.505358";"0.191073";"0.337738";"0.002014"
1435;"0.181984";"0.001797";"0.441499";"0.427908";"0.257669";"0.654901";"0.046995";"0.001848";"0.002028";"0.300816";"0.223280";"0.001764";"0.388491";"0.424263";"0.001730";"0.449476";"0.140929";"0.214127";"0.002489"
1440;"0.054992";"0.002157";"0.495855";"0.415446";"0.326016";"0.511291";"0.072183";"0.002189";"0.001971";"0.387918";"0.196037";"0.001953";"0.409990";"0.428617";"0.001813";"0.475185";"0.314510";"0.126829";"0.001764"
1445;"0.060935";"0.001957";"0.454665";"0.384867";"0.290630";"0.562790";"0.077819";"0.001702";"0.001626";"0.533609";"0.185362";"0.002083";"0.415569";"0.366609";"0.001411";"0.443767";"0.156925";"0.226981";"0.001679"
1450;"0.005679";"0.002782";"0.363032";"0.383737";"0.314568";"0.472708";"0.046738";"0.001606";"0.001985";"0.438635";"0.236429";"0.001720";"0.474157";"0.563671";"0.001331";"0.441772";"0.153573";"0.166703";"0.002005"
1455;"0.009308";"0.001566";"0.403599";"0.442938";"0.319244";"0.366780";"0.009511";"0.001700";"0.002010";"0.482077";"0.220643";"0.002141";"0.329463";"0.472579";"0.004523";"0.542252";"0.087365";"0.288993";"0.002206"
1460;"0.255919";"0.004053";"0.492654";"0.498869";"0.258470";"0.494653";"0.007425";"0.003803";"0.001843";"0.284849";"0.192142";"0.001867";"0.338042";"0.376011";"0.001313";"0.466875";"0.158152";"0.158114";"0.002161"
1465;"0.007482";"0.001936";"0.455469";"0.349848";"0.268459";"0.581157";"0.105469";"0.001713";"0.001712";"0.457202";"0.213253";"0.001610";"0.521501";"0.320110";"0.003437";"0.336855";"0.206167";"0.316101";"0.001443"
1470;"0.005321";"0.001417";"0.414846";"0.439876";"0.350374";"0.472617";"0.033718";"0.002041";"0.001648";"0.346856";"0.181347";"0.001828";"0.273959";"0.358491";"0.001267";"0.457157";"0.189211";"0.200878";"0.001843"
1475;"0.116720";"0.001936";"0.463117";"0.430650";"0.313482";"0.496359";"0.005962";"0.001641";"0.001943";"0.427008";"0.152664";"0.001763";"0.422787";"0.586456";"0.001356";"0.465478";"0.254425";"0.206980";"0.001928"
1480;"0.007936";"0.002128";"0.465551";"0.385634";"0.321520";"0.744111";"0.038088";"0.001614";"0.001704";"0.474192";"0.176417";"0.001839";"0.328165";"0.436804";"0.001333";"0.304492";"0.215185";"0.236986";"0.001835"
1485;"0.005338";"0.007908";"0.433533";"0.527491";"0.382480";"0.506294";"0.106750";"0.012744";"0.005904";"0.469897";"0.218332";"0.010587";"0.477242";"0.519042";"0.013979";"0.469783";"0.102701";"0.327008";"0.013150"
1490;"0.007686";"0.001866";"0.424539";"0.345906";"0.319800";"0.498772";"0.111292";"0.001884";"0.002288";"0.363943";"0.226652";"0.002352";"0.365950";"0.478785";"0.004181";"0.534067";"0.182086";"0.068793";"0.002296"
1495;"0.078929";"0.002167";"0.429900";"0.465344";"0.277333";"0.417884";"0.118803";"0.001545";"0.001794";"0.452218";"0.192622";"0.001947";"0.327467";"0.459502";"0.004622";"0.361895";"0.077752";"0.066232";"0.001820"
1500;"0.096072";"0.003254";"0.415241";"0.447571";"0.307206";"0.436869";"0.006236";"0.001827";"0.002162";"0.323050";"0.255694";"0.001725";"0.662188";"0.433021";"0.001334";"0.432477";"0.164021";"0.005065";"0.001834"
1505;"0.072107";"0.001518";"0.407101";"0.351832";"0.311951";"0.469585";"0.007935";"0.001742";"0.001739";"0.448884";"0.192728";"0.001787";"0.432361";"0.421980";"0.004150";"0.295318";"0.312092";"0.254025";"0.001926"
1510;"0.005824";"0.002071";"0.405536";"0.450142";"0.330146";"0.418642";"0.039040";"0.001902";"0.001854";"0.492852";"0.191453";"0.002135";"0.503765";"0.384828";"0.001173";"0.476923";"0.190886";"0.079000";"0.002259"
1515;"0.076550";"0.002225";"0.426117";"0.470444";"0.315406";"0.437738";"0.057396";"0.001919";"0.001957";"0.405052";"0.255012";"0.001781";"0.453108";"0.437893";"0.004479";"0.423435";"0.180386";"0.218489";"0.003229"
1520;"0.008956";"0.001303";"0.393970";"0.355170";"0.306819";"0.540025";"0.097923";"0.001742";"0.001719";"0.492538";"0.191392";"0.001833";"0.337354";"0.494279";"0.003374";"0.566308";"0.186739";"0.093934";"0.002051"
1525;"0.161970";"0.001691";"0.388718";"0.391117";"0.348964";"0.608908";"0.056636";"0.001929";"0.001763";"0.539938";"0.192623";"0.001501";"0.458088";"0.437458";"0.003485";"0.272728";"0.154484";"0.129045";"0.002034"
1530;"0.009319";"0.001674";"0.455084";"0.428566";"0.343663";"0.573434";"0.116137";"0.001709";"0.001805";"0.256158";"0.222070";"0.001709";"0.348697";"0.397085";"0.001415";"0.582609";"0.170396";"0.340547";"0.001680"
1535;"0.172684";"0.001944";"0.384376";"0.373091";"0.289016";"0.580118";"0.069546";"0.001591";"0.001753";"0.519045";"0.202588";"0.001972";"0.432589";"0.480903";"0.003560";"0.491447";"0.196634";"0.004419";"0.001928"
1540;"0.054918";"0.001958";"0.407099";"0.467401";"0.352017";"0.679121";"0.072817";"0.001689";"0.001707";"0.506328";"0.163817";"0.001627";"0.376306";"0.506667";"0.001421";"0.520138";"0.307752";"0.267271";"0.001906"
1545;"0.013826";"0.006216";"0.451320";"0.416780";"0.340144";"0.479950";"0.042996";"0.008434";"0.010680";"0.509257";"0.200852";"0.015996";"0.527650";"0.419658";"0.002182";"0.424422";"0.241709";"0.197266";"0.024699"
1550;"0.006947";"0.001660";"0.476304";"0.392753";"0.307102";"0.451058";"0.005191";"0.001676";"0.002077";"0.465363";"0.190745";"0.002132";"0.465059";"0.494931";"0.001713";"0.604664";"0.071040";"0.129321";"0.001789"
1555;"0.140782";"0.002993";"0.447606";"0.388779";"0.355673";"0.599538";"0.031843";"0.001547";"0.001788";"0.396667";"0.247299";"0.001744";"0.367595";"0.421582";"0.002688";"0.521239";"0.095069";"0.255433";"0.001919"
1560;"0.061910";"0.001931";"0.449517";"0.380698";"0.342097";"0.493447";"0.062956";"0.001265";"0.001955";"0.474366";"0.222139";"0.001648";"0.448176";"0.505541";"0.005154";"0.508478";"0.206249";"0.132223";"0.001812"
1565;"0.194446";"0.002431";"0.346658";"0.463845";"0.348022";"0.526170";"0.039159";"0.001985";"0.001887";"0.363225";"0.217264";"0.001811";"0.586723";"0.435722";"0.003585";"0.492415";"0.118245";"0.342137";"0.001592"
1570;"0.007994";"0.002182";"0.419536";"0.358690";"0.293710";"0.442992";"0.105175";"0.001746";"0.001829";"0.520547";"0.229074";"0.002077";"0.572602";"0.457606";"0.003525";"0.487703";"0.288725";"0.120020";"0.002404"
1575;"0.005194";"0.001515";"0.433197";"0.396915";"0.336653";"0.461795";"0.098130";"0.001936";"0.001810";"0.505013";"0.264117";"0.001780";"0.307118";"0.469751";"0.001440";"0.399913";"0.009919";"0.163451";"0.001764"
1580;"0.095418";"0.001690";"0.419463";"0.449707";"0.305437";"0.511418";"0.078544";"0.001866";"0.001917";"0.435704";"0.210617";"0.001418";"0.451854";"0.409490";"0.001341";"0.504237";"0.336959";"0.109932";"0.001815"
1585;"0.005179";"0.001698";"0.428905";"0.432397";"0.328867";"0.587243";"0.032917";"0.001594";"0.001786";"0.415419";"0.192444";"0.001914";"0.399127";"0.433535";"0.001512";"0.413741";"0.194319";"0.137054";"0.001819"
1590;"0.004940";"0.002966";"0.367319";"0.450995";"0.293171";"0.686793";"0.181442";"0.002393";"0.001890";"0.455192";"0.223528";"0.002466";"0.415921";"0.473523";"0.001215";"0.403612";"0.004151";"0.237785";"0.001805"
1595;"0.154663";"0.001867";"0.470103";"0.427623";"0.305871";"0.477600";"0.007046";"0.001697";"0.001746";"0.337782";"0.230423";"0.001682";"0.503652";"0.457151";"0.003670";"0.356987";"0.169628";"0.378782";"0.001471"
1600;"0.017553";"0.001700";"0.402016";"0.513830";"0.329300";"0.693460";"0.069481";"0.001669";"0.001702";"0.546982";"0.178621";"0.002335";"0.338019";"0.365562";"0.003544";"0.355840";"0.175568";"0.139494";"0.001989"
1605;"0.068339";"0.001929";"0.416403";"0.463352";"0.288340";"0.694337";"0.007135";"0.001382";"0.001866";"0.429958";"0.203820";"0.001691";"0.574698";"0.320472";"0.003802";"0.346966";"0.458944";"0.176133";"0.002115"
1610;"0.077028";"0.001771";"0.396031";"0.525262";"0.314889";"0.496723";"0.078696";"0.001789";"0.002166";"0.398659";"0.248479";"0.001718";"0.533219";"0.248896";"0.004509";"0.475706";"0.320328";"0.297597";"0.001534"
1615;"0.077922";"0.017625";"0.384589";"0.430412";"0.310301";"0.696854";"0.053161";"0.007935";"0.008106";"0.402038";"0.226894";"0.002151";"0.376308";"0.468334";"0.005190";"0.457019";"0.072851";"0.270847";"0.011919"
1620;"0.100969";"0.001898";"0.407110";"0.391968";"0.318408";"0.491683";"0.083676";"0.002188";"0.001615";"0.404461";"0.246447";"0.001576";"0.503939";"0.564452";"0.001339";"0.346233";"0.276343";"0.004208";"0.001689"
1625;"0.005065";"0.002391";"0.400645";"0.477160";"0.344733";"0.425172";"0.075446";"0.001933";"0.001706";"0.446426";"0.248088";"0.001686";"0.402913";"0.487326";"0.001353";"0.415007";"0.256747";"0.170039";"0.002096"
1630;"0.008403";"0.001819";"0.389328";"0.350270";"0.288838";"0.656706";"0.244797";"0.001819";"0.001685";"0.471215";"0.238341";"0.001743";"0.435935";"0.407183";"0.001204";"0.377463";"0.254382";"0.160723";"0.001835"
1635;"0.009023";"0.002497";"0.420203";"0.392484";"0.353049";"0.510347";"0.118546";"0.002325";"0.001623";"0.409708";"0.211969";"0.001490";"0.325091";"0.496418";"0.004736";"0.399363";"0.155535";"0.222933";"0.001506"
1640;"0.063848";"0.002332";"0.436184";"0.462105";"0.318475";"0.615827";"0.077108";"0.002114";"0.001850";"0.248220";"0.216452";"0.001744";"0.527284";"0.512302";"0.001436";"0.440679";"0.130714";"0.148628";"0.002106"
1645;"0.007936";"0.002103";"0.433584";"0.408162";"0.356611";"0.378385";"0.009373";"0.002263";"0.001788";"0.449652";"0.197006";"0.001736";"0.520108";"0.435841";"0.001260";"0.410447";"0.231436";"0.319490";"0.002137"
1650;"0.065227";"0.002952";"0.426077";"0.452894";"0.341584";"0.525839";"0.040839";"0.001744";"0.001705";"0.467753";"0.204271";"0.001668";"0.351253";"0.478474";"0.001240";"0.444985";"0.140482";"0.356306";"0.001694"
1655;"0.067105";"0.001580";"0.387930";"0.510107";"0.355995";"0.831339";"0.029185";"0.001824";"0.001523";"0.489376";"0.199380";"0.001743";"0.466001";"0.445299";"0.001570";"0.270085";"0.109076";"0.205343";"0.001566"
1660;"0.046581";"0.001805";"0.381393";"0.442342";"0.324127";"0.604748";"0.070150";"0.001502";"0.001752";"0.357558";"0.196637";"0.001890";"0.355200";"0.601854";"0.001870";"0.329574";"0.302897";"0.076962";"0.002056"
1665;"0.107163";"0.001534";"0.440600";"0.386279";"0.325958";"0.652816";"0.006229";"0.001833";"0.001611";"0.527545";"0.199127";"0.001868";"0.443558";"0.442754";"0.006733";"0.521533";"0.257174";"0.190396";"0.001710"
1670;"0.067195";"0.002222";"0.416327";"0.384651";"0.310438";"0.463523";"0.032222";"0.001561";"0.001791";"0.437396";"0.272208";"0.001758";"0.461228";"0.448107";"0.002416";"0.447927";"0.070334";"0.290538";"0.001792"
1675;"0.066992";"0.001843";"0.476759";"0.375918";"0.318275";"0.566455";"0.119154";"0.001594";"0.001832";"0.415891";"0.194360";"0.001742";"0.552736";"0.379162";"0.001319";"0.528116";"0.203396";"0.170370";"0.001415"
1680;"0.009182";"0.022645";"0.392912";"0.437611";"0.319824";"0.404353";"0.100619";"0.001631";"0.007441";"0.462036";"0.209133";"0.008528";"0.497239";"0.418813";"0.006958";"0.550824";"0.277455";"0.183467";"0.022346"
1685;"0.112641";"0.001545";"0.474896";"0.457325";"0.273549";"0.638201";"0.040843";"0.001614";"0.001852";"0.409842";"0.200593";"0.001956";"0.419612";"0.382405";"0.001490";"0.325125";"0.316719";"0.272637";"0.001964"
1690;"0.009120";"0.001949";"0.431245";"0.431712";"0.328643";"0.425842";"0.091509";"0.001555";"0.001601";"0.459952";"0.217579";"0.001462";"0.529761";"0.409389";"0.005022";"0.318410";"0.139727";"0.070097";"0.002036"
1695;"0.089284";"0.001774";"0.429262";"0.391165";"0.315044";"0.295970";"0.128837";"0.001781";"0.001710";"0.478169";"0.167896";"0.001341";"0.427469";"0.412602";"0.003229";"0.534812";"0.173678";"0.094141";"0.001803"
1700;"0.011807";"0.002319";"0.441102";"0.487662";"0.275101";"0.433519";"0.011359";"0.002159";"0.002220";"0.470478";"0.248447";"0.002168";"0.460354";"0.439133";"0.007111";"0.331210";"0.303667";"0.094540";"0.001596"
1705;"0.005775";"0.001749";"0.434892";"0.378267";"0.324901";"0.528808";"0.062824";"0.001798";"0.001807";"0.491583";"0.178398";"0.002147";"0.584828";"0.600565";"0.001879";"0.367024";"0.228487";"0.230967";"0.001297"
1710;"0.015915";"0.001696";"0.442850";"0.459486";"0.350437";"0.563127";"0.049810";"0.002624";"0.001916";"0.478491";"0.203059";"0.002250";"0.338622";"0.404479";"0.001365";"0.394547";"0.185596";"0.204070";"0.001975"
1715;"0.005099";"0.002451";"0.394153";"0.374136";"0.290525";"0.526372";"0.098193";"0.001680";"0.001789";"0.408683";"0.182806";"0.001508";"0.504030";"0.433467";"0.003753";"0.441153";"0.146593";"0.394896";"0.002270"
1720;"0.117595";"0.002280";"0.416733";"0.485389";"0.297988";"0.626593";"0.111444";"0.001570";"0.001941";"0.385703";"0.264992";"0.001451";"0.603250";"0.433709";"0.001641";"0.286481";"0.203231";"0.465831";"0.002020"
1725;"0.005704";"0.001731";"0.471901";"0.400226";"0.326556";"0.451264";"0.006947";"0.001432";"0.001685";"0.330871";"0.180496";"0.001601";"0.451241";"0.324044";"0.001612";"0.446538";"0.156062";"0.161684";"0.001781"
1730;"0.055747";"0.001826";"0.382763";"0.416519";"0.293007";"0.686066";"0.034217";"0.001510";"0.001794";"0.353466";"0.238670";"0.001629";"0.435596";"0.418423";"0.001178";"0.405241";"0.539292";"0.157718";"0.001740"
1735;"0.159490";"0.002333";"0.418207";"0.428186";"0.300055";"0.604459";"0.050358";"0.001703";"0.002004";"0.253314";"0.187845";"0.001652";"0.431764";"0.332412";"0.003314";"0.255196";"0.118664";"0.605372";"0.002024"
1740;"0.084209";"0.001544";"0.453468";"0.489436";"0.349175";"0.636539";"0.038816";"0.001744";"0.001661";"0.376495";"0.147524";"0.001397";"0.337691";"0.369797";"0.003385";"0.478409";"0.316336";"0.216933";"0.001855"
1745;"0.102125";"0.002953";"0.440962";"0.473195";"0.353390";"0.774550";"0.122449";"0.019836";"0.017700";"0.453636";"0.207732";"0.025616";"0.403920";"0.397144";"0.004482";"0.393642";"0.201212";"0.091481";"0.024691"
1750;"0.124131";"0.002191";"0.455953";"0.433806";"0.325579";"0.394847";"0.039283";"0.001982";"0.001952";"0.395220";"0.185069";"0.001591";"0.530281";"0.464224";"0.001861";"0.380374";"0.103822";"0.269137";"0.001800"
1755;"0.008501";"0.001875";"0.410317";"0.400496";"0.344938";"0.384535";"0.042600";"0.001830";"0.001567";"0.477162";"0.236941";"0.002736";"0.477682";"0.515695";"0.001138";"0.398456";"0.206132";"0.336890";"0.001789"
1760;"0.052933";"0.001549";"0.419361";"0.445378";"0.318153";"0.512873";"0.074504";"0.002006";"0.001598";"0.308596";"0.240325";"0.002139";"0.404092";"0.449146";"0.004598";"0.549837";"0.295241";"0.186059";"0.001734"
1765;"0.012379";"0.001557";"0.337153";"0.419336";"0.283448";"0.481474";"0.042962";"0.001888";"0.001828";"0.227768";"0.209233";"0.001688";"0.388706";"0.521343";"0.003764";"0.506227";"0.065991";"0.128663";"0.001829"
1770;"0.072875";"0.002267";"0.443277";"0.402613";"0.366388";"0.377989";"0.038122";"0.001822";"0.001687";"0.467388";"0.140164";"0.002283";"0.295699";"0.418947";"0.002348";"0.477894";"0.337363";"0.230485";"0.002442"
1775;"0.084730";"0.002258";"0.420568";"0.427631";"0.309753";"0.461260";"0.073045";"0.001513";"0.001536";"0.447719";"0.248086";"0.001356";"0.479181";"0.593232";"0.004096";"0.472272";"0.295562";"0.323220";"0.001547"
1780;"0.050467";"0.001962";"0.446778";"0.477032";"0.333337";"0.560942";"0.088664";"0.001792";"0.001643";"0.337179";"0.227351";"0.001760";"0.314261";"0.261605";"0.001472";"0.436650";"0.204334";"0.131730";"0.002093"
1785;"0.067085";"0.001910";"0.391371";"0.419678";"0.297312";"0.589828";"0.063642";"0.001700";"0.001625";"0.531156";"0.226619";"0.002788";"0.517050";"0.553145";"0.004551";"0.505586";"0.300203";"0.194598";"0.001878"
1790;"0.005186";"0.001617";"0.447219";"0.390241";"0.309271";"0.528265";"0.005434";"0.001675";"0.001670";"0.453290";"0.221896";"0.001501";"0.553902";"0.397861";"0.001250";"0.379963";"0.237212";"0.387680";"0.002014"
1795;"0.007513";"0.001315";"0.387055";"0.346107";"0.337675";"0.443557";"0.005553";"0.001987";"0.001693";"0.426792";"0.222123";"0.001750";"0.278772";"0.330405";"0.004177";"0.329241";"0.253391";"0.257186";"0.002392"
1800;"0.000000";"0.000000";"1.001971";"1.006421";"1.006075";"1.521066";"0.000000";"0.000000";"0.000000";"1.013302";"0.854505";"0.000000";"1.001170";"1.001746";"0.000000";"1.003670";"1.008473";"0.000000";"0.000000"
